2005	2225	12TH DISTRICT GREENS			
2005	2227	15TH DISTRICT DEMOCRATS			
2005	2228	22ND DISTRICT DEMOCRATS			
2005	2230	7TH DISTRICT REPUBLICANS			
2005	2231	8TH DISTRICT REPUBLICANS			
2003	90820	ABAZIA, DESMOND	L	state:lower	NJ-10
1997	90818	ABRAHAM, JOHN	L	state:lower	NJ-37
2009	3875	ADAMS & ARTER BRACKET			
2009	90822	ADAMS, HARRY	L	state:lower	NJ-7
2009	3876	ADDIEGO & RUDDEN BRACKET			
2011	10778	ADDIEGO RUDDER & DELANY BRACKET			
2007	8988	ADDIEGO, DAWN MARIE	W	state:lower	NJ-8
2003	90504	ADDISON, DONALD	L	state:lower	NJ-15
1997	90173	ADINOLFI, ALFONSO	L	state:lower	NJ-21
2009	132296	ADLER, BARRY	L	state:lower	NJ-19
2007	618	ADLER, JOHN H	W	state:upper	NJ-6
2009	3877	ADOLF BROWN & MATTSON BRACKET			
2009	3977	ADOLF DECRISTOFARO & GREENBERG BRACKET			
2007	3118	ADOLF GURENLIAN & MATTSON BRACKET			
2003	11051	ADOLF, JOSEPH A	L	state:upper	NJ-6
2009	3878	AGOSTINELLI & BOMBACE BRACKET			
2005	90835	AHART, COREY	L	state:lower	NJ-4
2003	90050	AHEARN, MATT	L	state:lower	NJ-38
2011	10779	ALBANO & MILAM BRACKET			
2011	8002	ALBANO, NELSON	W	state:lower	NJ-1
1997	11074	ALBERT, NORMAN	L	state:lower	NJ-22
2003	11074	ALBERT, NORMAN W	L	state:lower	NJ-21
2009	90830	ALGEIER, GARY	W	state:lower	NJ-25
2007	3119	ALLEN GRIFFIN & PROPP BRACKET			
2001	2086	ALLEN, DIANE	W	state:upper	NJ-7
2005	2086	ALLEN, DIANE B		state:upper	NJ-7
2005	2232	ALOIA & SANDOVAL BRACKET			
2005	90833	ALOIA, LOUIS G	L	state:lower	NJ-36
2011	10799	ALONSO & GOLDBERG BRACKET			
1999	90754	ALPER, MIKE	L	state:lower	NJ-16
2003	90826	ALTAMURO, STEPHEN	L	state:lower	NJ-4
1997	90825	ALVAREZ, MICAELA	L	state:lower	NJ-33
2003	90464	AMIN, JASAL	L	state:lower	NJ-18
2007	3120	AMODEO & POLISTINA BRACKET			
2009	8981	AMODEO, JOHN F	W	state:lower	NJ-2
1997	90829	ANDREWS, ROBERT E	L	state:governor	
2011	8992	ANGELINI, MARY PAT	W	state:lower	NJ-11
2007	3121	ARIYAN FLETCHER & MANNA BRACKET			
2007	90823	ARIYAN, JOSEPH	L	state:upper	NJ-39
1999	11267	ARNONE, MICHAEL J	W	state:lower	NJ-12
1997	90814	ARONSON, ERIC S	L	state:lower	NJ-39
2009	90395	ARTER, LEAH J	L	state:lower	NJ-7
2011	10808	ASLANIAN & JENSEN BRACKET			
2007	3122	ASSELTA CLARK & DONOHUE BRACKET			
2001	729	ASSELTA, NICHOLAS	W	state:lower	NJ-1
2001	120	ASSEMBLY REPUBLICAN MAJORITY OF NEW JERSEY			
2009	3767	ASSEMBLY REPUBLICAN VICTORY OF NEW JERSEY			
2001	90797	AUGHENBAUGH, AMY I	L	state:upper	NJ-12
1999	11311	AUGUSTINE, ALAN M	W	state:lower	NJ-22
1997	90789	AULT, MARGARET	L	state:upper	NJ-22
2003	11325	AZZOLINA, JOE	W	state:lower	NJ-13
2005	11325	AZZOLINA, JOSEPH	L	state:lower	NJ-13
2009	90786	BACON, ROGER	L	state:governor	
2005	11354	BAER, BYRON M		state:upper	NJ-37
2001	11358	BAGGER, RICHARD H	W	state:upper	NJ-21
2001	90807	BAKELAAR, DONNA	L	state:lower	NJ-23
2005	2233	BALDINO & MILLER BRACKET			
2005	90403	BALDINO, JOHN J	L	state:lower	NJ-38
2003	90751	BALTIMORE, HELYN P	L	state:lower	NJ-34
1999	90810	BANMILLER, GERARD M	L	state:lower	NJ-6
2007	3123	BARK BODINE & CHATZIDAKIS BRACKET			
2001	750	BARK, MARTHA W	W	state:upper	NJ-8
2011	1419590	BARNES III, PETER J	W	state:lower	NJ-18
2003	8095	BARNES JR, PETER J	W	state:lower	NJ-18
1997	90523	BARNES, JOHN P	L	state:lower	NJ-23
2009	8095	BARNES, PETER J	W	state:lower	NJ-18
1997	90852	BARON, ANDREW	L	state:lower	NJ-22
2007	90805	BARON, HARVEY	L	state:upper	NJ-23
2003	6391	BARONI, BILL	W	state:lower	NJ-14
2005	11482	BARRIER, CATHERINE J	L	state:lower	NJ-17
2003	90804	BARRY JR, JAMES J	L	state:lower	NJ-21
2001	90798	BASKIN, ALAN	L	state:upper	NJ-39
1997	90868	BASSANO, C LOUIS	W	state:upper	NJ-21
2005	2234	BATEMAN & BIONDI BRACKET			
2011	10781	BATEMAN BIONDI & CIATTARELLI BRACKET			
2007	3124	BATEMAN BIONDI & COYLE BRACKET			
1997	627	BATEMAN, CHRISTOPHER	W	state:lower	NJ-16
2003	627	BATEMAN, CHRISTOPHER (KIP)	W	state:lower	NJ-16
1999	627	BATEMAN, CHRISTOPHER S	W	state:lower	NJ-16
2001	627	BATEMAN, CHRISTOPHER S (KIP)	W	state:lower	NJ-16
2011	352167	BEACH, JAMES	W	state:upper	NJ-6
2007	3125	BEASLEY TUCKER & CAPUTO BRACKET			
2007	90869	BEASLEY, D BILAL	L	state:upper	NJ-28
2005	2235	BECK & OSCANLON BRACKET			
2007	3126	BECK OSCANLON & CASAGRANDE BRACKET			
2009	8006	BECK, JENNIFER		state:upper	NJ-12
2011	352278	BECKELMAN, DANIEL E	L	state:lower	NJ-31
2009	90862	BELL, SHELLY L	L	state:lower	NJ-28
2005	90861	BELL, WESLEY K (WES)	L	state:governor	
2009	90320	BELLIN, BARRY	L	state:lower	NJ-37
2003	90864	BENNETT, BOBBI JOAN	L	state:upper	NJ-27
2003	11636	BENNETT, JOHN O	L	state:upper	NJ-12
2005	90863	BENSON, DANIEL R	L	state:lower	NJ-14
2007	90880	BERG, HANS	L	state:upper	NJ-5
2005	11663	BERGEN, BRUCE	L	state:lower	NJ-21
1999	90611	BERKES, MILTON	L	state:lower	NJ-2
1999	90561	BESON, MICHAEL	L	state:lower	NJ-11
2003	90527	BESTWICK, SUSAN	L	state:lower	NJ-3
2011	352224	BHALLA, RAVI S	L	state:lower	NJ-33
2005	2236	BIDWELL & BEATTIE BRACKET			
1997	90443	BIGLOWARCZUK, DEBBIE	L	state:lower	NJ-19
2011	10782	BILLHIMER KEARNEY & RYAN BRACKET			
2007	3127	BIONDI & COYLE BRACKET			
2005	3974	BIONDI, PETE	W	state:lower	NJ-16
2011	3974	BIONDI, PETER J	W	state:lower	NJ-16
2009	3978	BISHOP & BOLGER BRACKET			
2009	90873	BISHOP, J RANDY	L	state:lower	NJ-11
1999	90872	BITTNER, MARY DARCY	L	state:lower	NJ-1
2001	90877	BIVIANO, LANE J	L	state:upper	NJ-36
2003	90875	BLANEY, JAMES M	L	state:upper	NJ-10
2005	2237	BLEE & CONOVER BRACKET			
1999	2076	BLEE, FRANCIS J	W	state:lower	NJ-2
2003	2076	BLEE, FRANK	W	state:lower	NJ-2
2009	3986	BLOSCHAK & GLENN BRACKET			
2007	3128	BODINE RILEY & FIFIS BRACKET			
2003	746	BODINE, FRANCIS L	W	state:lower	NJ-8
1999	90790	BOHAN, RICHARD J	L	state:lower	NJ-37
2009	90802	BOLGER, RICHARD J	L	state:lower	NJ-11
2009	90549	BOSS, JEFF	L	state:governor	
2011	352243	BOYCE, PETER F	L	state:lower	NJ-1
2003	90838	BRADLEY, MICHAEL	L	state:lower	NJ-40
2005	6402	BRAMNICK, JON	W	state:lower	NJ-21
2007	6402	BRAMNICK, JON M	W	state:lower	NJ-21
2001	90842	BRANCH SR, TOM	L	state:lower	NJ-11
1997	90836	BRENYCZ, EUGENE	L	state:lower	NJ-28
2001	90839	BRODERICK, MICHAEL L	L	state:lower	NJ-30
1997	90462	BRODERICK, ROBERT P	L	state:upper	NJ-7
2009	3884	BROWN & SARCONE BRACKET			
2007	3129	BROWN ENGLAND & SINAGRA BRACKET			
2005	90053	BROWN III, CHAUNCEY I	L	state:lower	NJ-35
2011	352247	BROWN, CHRIS	W	state:lower	NJ-2
2011	412880	BROWN, CHRISTOPHER J	W	state:lower	NJ-8
2007	12126	BROWN, ROBERT (BOB)	L	state:lower	NJ-13
2003	90189	BROWN, THERESA D	W	state:lower	NJ-7
2001	90857	BROWN, WILLIE B	L	state:upper	NJ-28
2007	90849	BRYANT, SYLVESTER BOBBY	L	state:lower	NJ-15
2001	747	BRYANT, WAYNE R	W	state:upper	NJ-5
2011	10783	BUCCO & BUCCO BRACKET			
2009	3885	BUCCO & CARROLL BRACKET			
2007	748	BUCCO, ANTHONY	W	state:upper	NJ-25
2011	1418818	BUCCO, ANTHONY M	W	state:lower	NJ-25
2005	748	BUCCO, ANTHONY R		state:upper	NJ-25
1999	90848	BUDZASH, JOHN L	L	state:lower	NJ-12
2011	10784	BUONO DIEGNAN & BARNES BRACKET			
2001	749	BUONO, BARBARA	W	state:upper	NJ-18
2005	2239	BURZICHELLI & FISHER BRACKET			
2009	3979	BURZICHELLI & RILEY BRACKET			
2005	3741	BURZICHELLI, JOHN	W	state:lower	NJ-3
1999	3741	BURZICHELLI, JOHN J	L	state:lower	NJ-3
2007	90304	BUSHMAN, ADAM	L	state:lower	NJ-14
1999	90723	BUTCHKO, MICHAEL	L	state:lower	NJ-26
2009	12293	CABANA, DOUGLAS R	L	state:lower	NJ-25
1997	90727	CAFFREY, MIKE	L	state:upper	NJ-13
2001	12297	CAFIERO, JAMES S	W	state:upper	NJ-1
2009	3886	CALABRO & HARVEY BRACKET			
1997	90725	CALANDRILLO, REGINA	L	state:lower	NJ-10
2007	3130	CALIGUIRE SCHWEIGHARDT & GINTY BRACKET			
2005	90054	CALIGUIRE, TODD	L	state:governor	
2001	90717	CALLAHAN, MARYANN T	L	state:upper	NJ-5
2011	352210	CAMAROTA, JOE	L	state:lower	NJ-16
2001	90716	CAMPBELL, MILTON	L	state:upper	NJ-22
2009	8998	CAPUTO, RALPH R	W	state:lower	NJ-28
2005	2090	CARABALLO, WILFREDO	W	state:lower	NJ-29
2007	3131	CARDINALE ROONEY & VANDERVALK BRACKET			
2011	10785	CARDINALE SCHROEDER & SCHEPISI BRACKET			
2005	614	CARDINALE, GERALD		state:upper	NJ-39
2011	614	CARDINALE, S GERALD	W	state:upper	NJ-39
2011	352228	CARIDE, MARLENE	W	state:lower	NJ-36
1999	12423	CARLAMERE, DAVID	L	state:lower	NJ-4
2001	12423	CARLAMERE, DAVID F	L	state:lower	NJ-4
2001	90146	CARR, MIKE	L	state:upper	NJ-7
2003	90668	CARRANZA, ARISTO	L	state:lower	NJ-20
2011	352213	CARROLL, KAREN	L	state:lower	NJ-23
2005	2123	CARROLL, MICHAEL P	W	state:lower	NJ-25
2001	2123	CARROLL, MICHAEL PATRICK	W	state:lower	NJ-25
2001	90739	CART, MARGARITA	L	state:lower	NJ-24
2009	3887	CARUSO & ROTTINO BRACKET			
2009	90738	CARUSO, JOSEPH A	L	state:lower	NJ-40
2011	8993	CASAGRANDE, CAROLINE	W	state:lower	NJ-11
2003	90737	CASERTA, PATRICK J	L	state:lower	NJ-26
2007	90779	CASHA, LAWRENCE	L	state:lower	NJ-26
2001	90729	CASSELLA, JAMES L	L	state:lower	NJ-36
2001	90463	CASTEN, KIMBERLEY	L	state:lower	NJ-10
2005	90728	CASTILLO, HECTOR L	L	state:governor	
1997	90334	CATANIA, FRANK	L	state:lower	NJ-35
1999	90733	CAUFIELD, DENNIS M	L	state:lower	NJ-21
2001	90732	CAVANAUGH, LINDA LORDI	L	state:lower	NJ-27
2011	412893	CELESTE, TONY	L	state:lower	NJ-4
2001	90700	CHAMBERLAIN, HORACE	L	state:upper	NJ-25
2001	12586	CHARLES JR, JOSEPH	W	state:upper	NJ-31
1997	12586	CHARLES, JOSEPH	W	state:lower	NJ-31
2001	3124	CHATZIDAKIS, LARRY	W	state:lower	NJ-8
2011	352317	CHEGWIDDEN, WILLIAM J	L	state:upper	NJ-25
2005	2240	CHIAPPONE & AYALA BRACKET			
2003	6398	CHIAPPONE, ANTHONY	W	state:lower	NJ-31
2007	90701	CHIARAVALLOTI, NICHOLAS A	L	state:lower	NJ-31
2007	3132	CHILDRESS & BIANCO BRACKET			
2009	8996	CHIUSANO, GARY R	W	state:lower	NJ-24
2003	7633	CHIVUKULA, UPENDRA	W	state:lower	NJ-17
2009	7633	CHIVUKULA, UPENDRA J	W	state:lower	NJ-17
1999	90541	CHOQUETTE, EDWARD J	L	state:lower	NJ-30
2003	90696	CHRISTIANSEN, BRYAN	W	state:lower	NJ-38
2011	90695	CHRISTIE, CHRIS & GUADAGNO, KIM		state:governor	
2011	412882	CIATTARELLI, JACK M	W	state:lower	NJ-16
2003	615	CIESLA, ANDREW R	W	state:upper	NJ-10
2007	12665	CIFARELLI, FRANK J	L	state:lower	NJ-37
2003	90815	CIMINO, ANTHONY J (SKIP)	L	state:upper	NJ-14
2007	90294	CIMINO, MARK	L	state:upper	NJ-3
2007	90710	CINQUE, MARC	W	state:upper	NJ-27
2001	90657	CITO, JOHN G	L	state:upper	NJ-18
2007	90715	CLARK JR, R NORRIS	L	state:lower	NJ-1
2003	1338	CLEAN & GREEN COALITION			
2011	352256	CLIFTON, ROBERT D	W	state:lower	NJ-12
2009	3957	CMTE TO DEFEAT QUESTION 1			
2011	10787	CODEY MCKEON & JASEY BRACKET			
2007	619	CODEY, RICHARD J	W	state:upper	NJ-27
1999	90706	COHAN, MICHAEL P	L	state:lower	NJ-21
2007	633	COHEN, NEIL	W	state:lower	NJ-20
2001	633	COHEN, NEIL M	W	state:lower	NJ-20
2011	12799	COLEMAN, BONNIE WATSON	W	state:lower	NJ-15
2007	90772	COLLETTI, ROBERT	L	state:upper	NJ-38
1997	12818	COLLINS, JACK	W	state:lower	NJ-3
2009	90547	COLLINS, WILLIAM	L	state:lower	NJ-4
2007	90771	COLON, SEAN	L	state:lower	NJ-22
1997	90770	COMEY, J MARTIN	L	state:lower	NJ-34
1997	3969	CONAWAY JR, HERBERT C	W	state:lower	NJ-7
2001	3969	CONAWAY MD, HERB	W	state:lower	NJ-7
2009	3969	CONAWAY, HERB	W	state:lower	NJ-7
2005	7624	CONIGLIO, JOSEPH		state:upper	NJ-38
2007	3133	CONNERS & CONAWAY BRACKET			
2007	3982	CONNERS, JACK	W	state:lower	NJ-7
2005	2242	CONNORS & RUMPF BRACKET			
2007	3134	CONNORS CONNORS & RUMPF BRACKET			
2011	10789	CONNORS GOVE & RUMPF BRACKET			
2003	12856	CONNORS JR, LEONARD T	W	state:upper	NJ-9
2007	3135	CONNORS RUMPF & VAN PELT BRACKET			
2001	623	CONNORS, CHRISTOPHER J	W	state:lower	NJ-9
2005	12856	CONNORS, LEONARD T		state:upper	NJ-9
2007	90764	CONNORS, SEAN	L	state:upper	NJ-32
2003	12861	CONOVER, KIRK	W	state:lower	NJ-2
2005	12861	CONOVER, KIRK W	L	state:lower	NJ-2
2009	90563	CONRAD, FRANK E	W	state:lower	NJ-1
2009	90768	CONROY, REBEKAH	L	state:lower	NJ-25
2011	10790	COOK CONAWAY & SINGLETON BRACKET			
2001	12871	COOK, FREDERICK P	L	state:upper	NJ-23
2011	352232	COOK, GAIL	L	state:upper	NJ-7
2011	90784	COOPER, ALISA	L	state:lower	NJ-2
2007	90535	CORBY, RUSSELL K	L	state:upper	NJ-9
2011	352211	CORFIELD, MARIE	L	state:lower	NJ-16
2005	626	CORODEMUS, STEVE	W	state:lower	NJ-11
2001	626	CORODEMUS, STEVEN J	W	state:lower	NJ-11
2005	6395	CORZINE, JON S	W	state:governor	
2009	6395	CORZINE, JON S & WEINBERG, LORETTA	L	state:governor	
2007	90787	COSTELLO, JOHN	L	state:upper	NJ-17
1999	12949	COTTRELL, MELVIN	W	state:lower	NJ-30
2009	132291	COUGHLIN, CRAIG J	W	state:lower	NJ-19
2005	2243	COULTER & DEN UYL BRACKET			
2003	12955	COULTER, DOLORES J	L	state:lower	NJ-9
2009	90778	COURTNEY, WILLIAM J	L	state:lower	NJ-23
2009	9000	COUTINHO, ALBERTO	W	state:lower	NJ-29
2007	8995	COYLE, DENISE	W	state:lower	NJ-16
2009	8995	COYLE, DENISE M	W	state:lower	NJ-16
2007	90057	CRAGLE, RAY F	L	state:lower	NJ-14
1999	13007	CRECCO, MARION	W	state:lower	NJ-34
1997	769	CRUZ PEREZ, NILSA	W	state:lower	NJ-5
2007	769	CRUZ-PEREZ, NILSA	W	state:lower	NJ-5
2003	769	CRUZ-PEREZ, NILSA I	W	state:lower	NJ-5
2005	2244	CRYAN & COHEN BRACKET			
2009	3890	CRYAN & QUIJANO BRACKET			
2011	7637	CRYAN, JOSEPH	W	state:lower	NJ-20
2003	90747	CUNNINGHAM, GLENN D	W	state:upper	NJ-31
2011	8987	CUNNINGHAM, SANDRA BOLDEN	W	state:upper	NJ-31
2007	90750	CZARNECKI, RENEE	L	state:lower	NJ-38
1997	90709	DADAMO, AMADEO	L	state:lower	NJ-16
2009	132288	DAGGETT, CHRIS & ESPOSITO, FRANK J	L	state:governor	
1997	90741	DALTON, SEAN F	L	state:upper	NJ-4
2003	90709	DAMATO JR, AMADEO	W	state:lower	NJ-16
2001	90740	DAMATO, PAUL R	W	state:lower	NJ-2
2005	6386	DANCER, RONALD S	W	state:lower	NJ-30
2011	352301	DANGELO, LOUIS	L	state:lower	NJ-40
2003	90058	DANIELCZYK, PAUL (DANIELS)	L	state:upper	NJ-19
1999	90327	DANIELS, GARY	L	state:lower	NJ-7
1999	90759	DAVIDOFF, E MARTIN	L	state:lower	NJ-18
2003	90758	DAVIS, CHARLES (CHUCK)	L	state:lower	NJ-11
2001	90762	DE RONCERAY, JUDE	L	state:lower	NJ-34
2007	8994	DEANGELO, WAYNE P	W	state:lower	NJ-14
2001	625	DECROCE, ALEX	W	state:lower	NJ-26
2012	1417179	DECROCE, BETTY LOU	W	state:lower	NJ-26
2001	90691	DEFALCO, PHILIP	L	state:lower	NJ-33
2003	90927	DEL VECCHIO JR, KENNETH N	L	state:lower	NJ-35
2011	90927	DEL VECCHIO, KENNETH	L	state:upper	NJ-38
2011	352168	DELANY, PATRICK	W	state:lower	NJ-8
2001	90198	DELGADO, BILLY E	L	state:lower	NJ-19
1999	13275	DELVECCHIO, FRANK	L	state:lower	NJ-40
1997	90906	DEMARSE, MICHAEL PAUL	L	state:lower	NJ-38
2007	90898	DENNISON JR, RICHARD S	L	state:upper	NJ-7
2003	90714	DERIENZO, JOHN DEAN	L	state:lower	NJ-39
2001	90851	DESAI, KIRAN	L	state:upper	NJ-13
1999	90925	DESEVO, ALEX R	L	state:lower	NJ-13
2001	90893	DESIVIERES, DANIEL	L	state:lower	NJ-34
1997	90060	DESMOND, JOHN P	L	state:upper	NJ-12
1999	90646	DESTEFANO, WILLIAM A	L	state:lower	NJ-35
2011	10794	DEWEESE FIOCCHI & WALTERS BRACKET			
2011	352303	DEWEESE, DAVID S	L	state:upper	NJ-1
2011	90917	DICICCO, DOMENICK	L	state:lower	NJ-3
2001	7634	DIEGNAN JR, PATRICK	W	state:lower	NJ-18
2005	7634	DIEGNAN JR, PATRICK J	W	state:lower	NJ-18
1997	90061	DIFRANCESCO, DONALD T	W	state:upper	NJ-22
2005	13376	DIGAETANO, PAUL	L	state:governor	
2003	90910	DILASCIO, RICHARD J	L	state:lower	NJ-36
2005	13384	DIMAIO, JOHN	L	state:lower	NJ-23
1997	90907	DIMARIA, JOHN	L	state:lower	NJ-2
2003	90577	DINARDO, ELISE	L	state:lower	NJ-33
2007	13391	DIORIO, DONALD E	L	state:lower	NJ-36
1999	90840	DISTEFANO, GERARD J	L	state:lower	NJ-34
2005	2245	DISTRICT 36 DEMOCRATS 2005			
2011	352313	DITTMAN, GLORIA S	L	state:upper	NJ-18
2007	3136	DOHERTY & REILLY BRACKET			
2011	10797	DOHERTY DIMAIO & PETERSON BRACKET			
2005	90918	DOHERTY, MATT	L	state:lower	NJ-11
2007	3738	DOHERTY, MICHAEL J	W	state:lower	NJ-23
2001	3738	DOHERTY, MIKE	W	state:lower	NJ-23
2003	90766	DOLOBOWSKY, MITCHEL	L	state:lower	NJ-30
1999	90890	DOMBROWSKI, ROBERT	L	state:lower	NJ-26
2001	90062	DONELLY, NORBERT E	L	state:upper	NJ-15
2009	3891	DONOHUE & CONRAD BRACKET			
2009	3980	DONOHUE & MCCANN BRACKET			
2007	13436	DONOHUE, MICHAEL J	L	state:lower	NJ-1
1997	90667	DONOVAN, MATTHEW	L	state:lower	NJ-11
2011	352306	DORAZIO, GIANCARLO	L	state:upper	NJ-4
1999	978	DORIA DEMOCRATIC LEADERSHIP FUND OF NEW JERSEY			
2001	629	DORIA JR, JOSEPH V	W	state:lower	NJ-31
1999	629	DORIA, JOSEPH V	W	state:lower	NJ-31
2003	90229	DOUGHERTY, PATRICK M	L	state:lower	NJ-4
1997	90926	DOWNING, BETTYJEAN	L	state:lower	NJ-37
1997	90920	DRESSEL, FRED	L	state:lower	NJ-38
2011	90512	DRISCOLL JR, JOHN J	L	state:upper	NJ-38
1997	90923	DUNCAN, BRIAN A	L	state:upper	NJ-35
2011	10798	DUNN CEDENO & MONTEIRO BRACKET			
2009	132298	DYER, OMAR	L	state:lower	NJ-31
2001	13556	EAGLER, PETER C	W	state:lower	NJ-34
2011	352318	EAMES, WILLIAM H	L	state:upper	NJ-27
2001	90928	EDGERTON, MARK	L	state:governor	
2001	90930	EDWARDS III, WILLIS	W	state:lower	NJ-34
2005	90491	EDWARDS, CHARLES	W	state:lower	NJ-17
2009	7625	EGAN, JOSEPH V	W	state:lower	NJ-17
2007	7625	EGAN, JOSFEPH V	W	state:lower	NJ-17
2003	90515	EGE, CYNTHIA L	L	state:lower	NJ-23
2003	90418	EL, ALI SLOAN	L	state:upper	NJ-5
2007	90724	ENGLAND, WILLIAM	L	state:lower	NJ-18
2005	7970	EPPS JR, CHARLES T	W	state:lower	NJ-31
2005	13681	EPSTEIN, DANIEL	L	state:lower	NJ-18
1997	13681	EPSTEIN, DANIEL N	L	state:lower	NJ-17
2001	90301	EQUIPADO, ADOR L	L	state:lower	NJ-31
2003	90302	ESCANDON, PAUL X	L	state:upper	NJ-11
2001	90821	ESPOSITO, NATALIE R	L	state:lower	NJ-34
2011	352229	EUSTACE, TIMOTHY J	W	state:lower	NJ-38
2007	9153	EVANS, ELEASE	W	state:lower	NJ-35
2009	3892	EYTAN & TIVENAN BRACKET			
2001	90296	FACEMYER, MICHAEL H	L	state:lower	NJ-3
1999	90292	FALLON, GEORGE C	L	state:lower	NJ-8
1997	90286	FAMULARO, JAMES 0	L	state:lower	NJ-11
2003	90597	FARIAS, VINCENT R	W	state:lower	NJ-7
2003	13771	FARRAGHER, CLARE M	L	state:lower	NJ-12
1997	90116	FAULKNER, KEN	L	state:lower	NJ-7
2001	90290	FAUNTLEROY, DIANNA W	L	state:lower	NJ-2
2007	90317	FEDUN, MICHAEL	L	state:lower	NJ-16
1997	13799	FELICE, NICHOLAS R	W	state:lower	NJ-40
2003	90315	FENICHEL, STEVEN	L	state:upper	NJ-1
2001	13816	FERNANDEZ, SYLVESTER	L	state:lower	NJ-18
2009	90322	FERRETTI, VINCENT	L	state:lower	NJ-10
2003	90860	FIERRO, LAURIE	L	state:lower	NJ-26
2007	90119	FIFIS, CHRISTOPHER D	L	state:lower	NJ-8
2011	352244	FIOCCHI, SAMUEL	L	state:lower	NJ-1
2009	3893	FISHER & LONZISERO BRACKET			
2007	7626	FISHER, DOUGLAS H	W	state:lower	NJ-3
2005	90305	FLEISCHNER, MARC	L	state:lower	NJ-6
2007	90904	FLETCHER, ESTHER	L	state:lower	NJ-39
2009	90734	FLOYD, REGINALD	L	state:lower	NJ-2
2005	2247	FLYNN & DASARO BRACKET			
2005	90063	FLYNN, WILLIAM E	L	state:lower	NJ-13
2001	90531	FOOHEY, JAMES K	L	state:lower	NJ-16
2001	90342	FORD, JAMES	L	state:lower	NJ-20
2005	90313	FORRESTER, DOUG	L	state:governor	
2007	90174	FOX, WAYNE G	L	state:upper	NJ-16
2003	90065	FRAGUELA, RAFAEL	L	state:upper	NJ-33
2001	90065	FRAGUELA, RAFAEL J	W	state:lower	NJ-33
2001	90311	FRANKS, BOB	L	state:governor	
1997	90066	FREDA, RICHARD	L	state:upper	NJ-31
2011	352257	FRIED, DAVE	W	state:lower	NJ-14
2003	14050	FRISCIA, ARLINE	L	state:lower	NJ-19
1999	14050	FRISCIA, ARLINE M	W	state:lower	NJ-19
2001	90259	FRITZ, MICHAEL A	L	state:lower	NJ-4
2009	90562	FUENTES, ANGEL	W	state:lower	NJ-5
2009	90263	FUNT, BARRY	L	state:lower	NJ-27
2001	90266	FUREY, JOHN	L	state:lower	NJ-10
2001	14081	FURNARI, GARRY J	W	state:upper	NJ-36
2005	90145	FUZO, FRANK J	L	state:lower	NJ-23
2005	2248	GABBERT & HERING BRACKET			
2005	90265	GABBERT, KENNETH A	L	state:lower	NJ-39
2003	90433	GABRIEL, DIANE F	L	state:upper	NJ-7
2007	90253	GAGLIONE, LINDA	L	state:upper	NJ-20
2001	90250	GALLAGHER, LOU	L	state:upper	NJ-7
2007	90151	GARCIA, NICOLE H	L	state:lower	NJ-33
1997	14148	GARCIA, RAUL	W	state:lower	NJ-33
1997	14175	GARRETT, E SCOTT	W	state:lower	NJ-24
2001	14175	GARRETT, SCOTT	W	state:lower	NJ-24
2007	90374	GATES, MARSHALL L	L	state:lower	NJ-25
2001	90256	GATRIA, ESTHER	L	state:lower	NJ-32
2003	90280	GAUNT, JANE BIDWELL	L	state:lower	NJ-40
2003	14213	GEIST, GEORGE F	L	state:upper	NJ-4
2003	90068	GEMMA, GORDON N	L	state:upper	NJ-12
2007	90282	GENOVESE, GINA	L	state:upper	NJ-21
2005	8007	GIBLIN, THOMAS P	W	state:lower	NJ-34
2001	14259	GIBSON, JOHN C	L	state:lower	NJ-1
2001	90272	GIDWANI, NARESH G (NICK)	L	state:upper	NJ-19
2005	751	GILL, NIA H		state:upper	NJ-34
1999	90482	GILLESPIE, PATRICK M	L	state:lower	NJ-13
2003	14304	GINTY, JOHN P	L	state:lower	NJ-40
2003	762	GIRGENTI, JOHN A	W	state:upper	NJ-35
2009	90070	GLENN, HERBERT	L	state:lower	NJ-28
2001	14344	GOFF, J REBECCA	L	state:lower	NJ-23
2005	2249	GOLDBERG & EADER BRACKET			
1999	90360	GOLDFARB, SIDNEY	L	state:lower	NJ-15
1997	90202	GOMEZ, FREDDY	L	state:lower	NJ-33
2001	90765	GOODE, WARREN	L	state:lower	NJ-11
2007	90370	GOODWIN, THOMAS	L	state:lower	NJ-14
2011	352204	GOPAL, VIN	L	state:lower	NJ-11
2007	3167	GORDON & VOSS BRACKET			
2007	3137	GORDON VOSS & WAGNER BRACKET			
2011	10800	GORDON WAGNER & EUSTACE BRACKET			
2007	6396	GORDON, ROBERT M	W	state:upper	NJ-38
2001	763	GORMLEY, WILLIAM	W	state:upper	NJ-2
2003	763	GORMLEY, WILLIAM L	W	state:upper	NJ-2
2011	352240	GRAF JR, JOHN	L	state:upper	NJ-23
2009	90377	GRAF, WERNER	L	state:lower	NJ-15
2003	90730	GRANT, DANIEL L	L	state:upper	NJ-26
1997	90375	GRAVES, KAROLE A	L	state:lower	NJ-35
2005	2251	GREEN & STENDER BRACKET			
2011	752	GREEN, GERALD	W	state:lower	NJ-22
2007	752	GREEN, GERALD (JERRY)	W	state:lower	NJ-22
2001	752	GREEN, JERRY	W	state:lower	NJ-22
2009	132301	GREENBERG, BRIAN	L	state:lower	NJ-6
2001	90867	GREENFOGEL, JANE A	L	state:upper	NJ-6
1997	90415	GREENSPAN, MICHAEL	L	state:upper	NJ-40
2005	2252	GREENSTEIN & BENSON BRACKET			
2009	3894	GREENSTEIN & DEANGELO BRACKET			
2011	10802	GREENSTEIN DEANGELO & BENSON BRACKET			
2005	3740	GREENSTEIN, LINDA R	W	state:lower	NJ-14
2003	2078	GREENWALD, LOUIS D	W	state:lower	NJ-6
2003	753	GREGG, GUY R	W	state:lower	NJ-24
2009	90366	GRENAFEGE, JAMES	L	state:lower	NJ-13
2011	10803	GRETO HALLEY & BOYCE BRACKET			
2007	90367	GRIFFIN, NANCY	L	state:lower	NJ-7
2003	90168	GRISANTI, JOSEPH D	L	state:lower	NJ-30
2001	14546	GUARINO, ELAINE L	L	state:lower	NJ-29
2007	90388	GUARINO, MICHAEL A	L	state:upper	NJ-36
2001	14551	GUEAR SR, GARY L	W	state:lower	NJ-14
1999	14551	GUEAR, GARY L	W	state:lower	NJ-14
2005	2253	GURENLIAN & FLEISCHNER BRACKET			
2003	14571	GURENLIAN, JOANN R	L	state:lower	NJ-6
2009	3895	GUSCIORA & WATSON COLEMAN BRACKET			
2001	2087	GUSCIORA, REED	W	state:lower	NJ-15
2005	7632	HACKETT JR, MIMS	W	state:lower	NJ-27
2011	352272	HAGNER, NICOLE	L	state:lower	NJ-27
2007	3138	HAINES ADDIEGO & RUDDER BRACKET			
2009	8983	HAINES, PHIL		state:upper	NJ-8
2011	352254	HALGAS, CHRISTOPHER	L	state:lower	NJ-7
1997	90071	HALL, MARIE	L	state:upper	NJ-8
2005	8019	HANDLIN, AMY	W	state:lower	NJ-13
2009	8019	HANDLIN, AMY H	W	state:lower	NJ-13
1999	90383	HARRIS, DWAYNE M	L	state:lower	NJ-11
1997	90664	HARRIS, LILLIAN	L	state:lower	NJ-12
2005	90752	HART, AVERY	L	state:lower	NJ-26
2005	2254	HARTMAN & WEINSTEIN BRACKET			
2003	14802	HARTMAN, DONALD	L	state:lower	NJ-8
2003	90387	HAYTAIAN, CHUCK	L	state:lower	NJ-23
2001	14890	HECK, ROSE MARIE	W	state:lower	NJ-38
2011	412891	HEICKLEN, JULIAN	L	state:lower	NJ-37
2009	90323	HERBERT, DOUGLAS	L	state:lower	NJ-26
1999	90073	HERBERT, HELENE	L	state:lower	NJ-38
2001	90520	HERN, J BROOKE	L	state:lower	NJ-21
1997	90336	HERNANDEZ, E IRIS	L	state:lower	NJ-2
1997	90333	HERSHOOPF, GAYLE	L	state:lower	NJ-12
1999	90182	HES, SHARON	L	state:lower	NJ-37
2005	2255	HIGGINS & TESTA BRACKET			
2001	90497	HITTNER, DIANE	L	state:lower	NJ-13
2011	10805	HOLTZMAN & HAGNER BRACKET			
2011	352273	HOLTZMAN, LEE	L	state:lower	NJ-27
2011	10806	HOLZAPFEL WOLFE & MCGUCKIN BRACKET			
2001	754	HOLZAPFEL, JAMES W	W	state:lower	NJ-10
2005	754	HOLZAPFEL, JIM	W	state:lower	NJ-10
2003	90885	HONIG, BARRY S	L	state:upper	NJ-37
2011	10816	HORGAN SANTIAGO & GOPAL BRACKET			
2011	412876	HORGAN, KATHLEEN	L	state:lower	NJ-11
2001	90329	HUGHES JR, WILLIAM J	L	state:upper	NJ-1
2001	90467	HUNT, RICHARD	L	state:upper	NJ-22
2001	90351	HUTCHINS, JAY CURTIS	L	state:lower	NJ-34
2011	3971	HUTTLE, VALERIE VAINIERI	W	state:lower	NJ-37
1997	90352	IGNATOFF, MITCHELL E	L	state:upper	NJ-16
2003	15301	IMPREVEDUTO, ANTHONY	W	state:lower	NJ-32
2003	764	INVERSO, PETER	W	state:upper	NJ-14
2005	764	INVERSO, PETER A		state:upper	NJ-14
2007	3139	INZERILLO WALSH & BROWN BRACKET			
2003	15309	INZERILLO, LEONARD	L	state:lower	NJ-13
2005	15309	INZERILLO, LEONARD L	L	state:lower	NJ-13
2011	352218	ISIBOR, ELLIOT	L	state:lower	NJ-26
2005	90359	JACKSON, THOMAS	L	state:lower	NJ-25
2011	412875	JACOBSON, DANIEL	L	state:lower	NJ-11
2005	3742	JAMES, SHARPE		state:upper	NJ-29
2001	90344	JARDIM, TOM	L	state:lower	NJ-21
2009	9233	JASEY, MILA M	W	state:lower	NJ-27
2001	90448	JASPAN, ROBERT	L	state:lower	NJ-20
2001	90347	JENKINS, SHERIE Y	L	state:lower	NJ-4
2001	90348	JERSEY, IRA F	L	state:lower	NJ-31
2011	352222	JIMENEZ, ANGELICA M	W	state:lower	NJ-32
2005	7635	JOHNSON, GORDON M	W	state:lower	NJ-37
2005	2257	JONES & JONES BRACKET			
2003	15579	JONES JR, LEROY J	L	state:upper	NJ-34
1999	90156	JONES, BARBARA A	L	state:lower	NJ-11
2003	90157	JONES, BERESFORD	L	state:upper	NJ-28
1999	15579	JONES, LEROY J	W	state:lower	NJ-27
2001	90919	JONES-ROMERO, DOUGLAS	L	state:lower	NJ-1
2007	3140	KAKLAMANIS & MARTINO BRACKET			
2011	10809	KANKA FRIED & WITTMAN BRACKET			
2011	10810	KANKA WITTMAN & MCGOWAN BRACKET			
2011	352310	KANKA, RICHARD J	L	state:upper	NJ-14
2003	90140	KARASZEGI JR, IMRE	L	state:lower	NJ-36
2007	6403	KARCHER, ELLEN	L	state:upper	NJ-12
2009	90755	KARPINECZ, ROBERTA	L	state:lower	NJ-16
2007	7630	KARROW, MARCIA A	W	state:lower	NJ-23
1999	90291	KASPARIAN, MICHAEL	L	state:lower	NJ-39
2005	90886	KAUTSCH, STEWART	L	state:lower	NJ-36
2003	628	KAVANAUGH, WALTER	W	state:upper	NJ-16
2005	628	KAVANAUGH, WALTER J		state:upper	NJ-16
1999	90169	KAYE, SAMUEL D	L	state:lower	NJ-10
2007	6394	KEAN JR, THOMAS H	W	state:upper	NJ-21
2007	3141	KEAN RIBLE & ANGELINI BRACKET			
2003	6382	KEAN, SEAN	W	state:lower	NJ-11
2011	6382	KEAN, SEAN T	W	state:lower	NJ-30
2005	6394	KEAN, THOMAS H		state:upper	NJ-21
2011	10811	KEENAN & HALGAS BRACKET			
2009	4164	KEEP IT GREEN			
2003	15751	KELLY, JOHN V	L	state:upper	NJ-36
2003	15785	KENNY JR, BERNARD F	W	state:upper	NJ-33
2005	15785	KENNY, BERNARD F		state:upper	NJ-33
2007	90175	KHAN, WASIM A	L	state:upper	NJ-26
2001	90172	KING, MIKE	L	state:lower	NJ-23
1997	90278	KLATTENBERG, RICHARD R	L	state:upper	NJ-27
2011	352220	KLEINHENDLER, HOWARD	L	state:lower	NJ-30
2009	3981	KLUCHNICK & VELEZ-GENTRY BRACKET			
2007	90158	KOLE, WILLIAM	L	state:lower	NJ-16
2001	90176	KONOPKA, TIMOTHY J	L	state:upper	NJ-30
1997	15972	KOSCO, LOUIS F	W	state:upper	NJ-38
2009	90159	KOTHARI, PETER	L	state:lower	NJ-19
2005	90162	KOVACH, JANICE L	L	state:lower	NJ-23
2005	90165	KRAKOWER, MARVIN	L	state:lower	NJ-30
1997	15987	KRAMER, PAUL R	W	state:lower	NJ-14
2001	90114	KURDOCK, DONNA	L	state:lower	NJ-40
2003	90775	KURSON, KENNETH	L	state:lower	NJ-34
1997	90115	KURTZ, KENNETH A	L	state:upper	NJ-30
1997	90112	KUTSCHER, AUSTIN	L	state:upper	NJ-23
2007	18	KYRILLOS JR, JOE	W	state:upper	NJ-13
2001	18	KYRILLOS JR, JOSEPH	W	state:upper	NJ-13
2003	18	KYRILLOS JR, JOSEPH M	W	state:upper	NJ-13
1997	18	KYRILLOS, JOE	W	state:upper	NJ-13
2005	18	KYRILLOS, JOSEPH M		state:upper	NJ-13
2003	90117	LA ROSA, BETTY	L	state:lower	NJ-21
2003	16061	LABOY, MARIA	L	state:lower	NJ-1
1999	16061	LABOY, MARIA A	L	state:lower	NJ-1
2009	8005	LAMPITT, PAMELA R	W	state:lower	NJ-6
2005	8005	LAMPITT, PAMELA ROSEN	W	state:lower	NJ-6
2005	756	LANCE, LEONARD		state:upper	NJ-23
1997	90110	LAROSSA, DICK	L	state:upper	NJ-15
2005	90474	LATIGONA, MICHAEL	L	state:governor	
2011	10793	LAVAN CULLEN & SHORT BRACKET			
2009	3897	LAWRENCE & DICICCO BRACKET			
2011	352231	LAZZARA, CASSANDRA	L	state:lower	NJ-40
2011	352325	LEBOVICS, ROBERT S	L	state:upper	NJ-37
1999	16227	LEFEVRE, KENNETH C	W	state:lower	NJ-2
1999	90298	LEITNER, SHELDON	L	state:lower	NJ-15
2001	90109	LEONARD, RICHARD N	L	state:lower	NJ-27
2005	90132	LEONE, JOHN	L	state:lower	NJ-3
1997	90638	LEONE, JUDITH G	L	state:upper	NJ-10
1999	90134	LERNER, DAVID M	L	state:lower	NJ-12
1997	90130	LERNER, HARRIET	L	state:lower	NJ-25
2007	3142	LESNIAK COHEN & CRYAN BRACKET			
2011	10812	LESNIAK CRYAN & QUIJANO BRACKET			
2011	765	LESNIAK, RAYMOND J	W	state:upper	NJ-20
2007	90137	LETELLIER, JAMES K	L	state:upper	NJ-9
1997	90386	LEVINE, DANIEL B	L	state:lower	NJ-20
1999	90136	LEVINE, JOSHUA	L	state:lower	NJ-40
2011	352233	LEWIS, FREDERICK CARLTON (CARL)	W	state:upper	NJ-8
1997	90711	LIPMAN, WYNONA	W	state:upper	NJ-29
1997	90122	LIPPMAN, SHERRI	L	state:lower	NJ-39
2003	617	LITTELL, ROBERT E	W	state:upper	NJ-24
2003	90129	LOFFREDO, JOHN	L	state:lower	NJ-11
2005	16415	LONEGAN, STEVEN M	L	state:governor	
2005	2259	LONGENHAGEN & ORTEGA BRACKET			
2007	8984	LOVE, SANDRA	W	state:lower	NJ-4
2011	90767	LOVETT, SHELLEY	L	state:lower	NJ-4
1997	90514	LUBY, JOHN	L	state:lower	NJ-4
2009	90364	LUCAS, LEE	L	state:lower	NJ-3
1997	90532	LUGOSSY, GILBERT W	L	state:upper	NJ-14
2011	352314	LUND JR, PAUL	L	state:upper	NJ-19
1997	16506	LUONGO, GERALD J	W	state:lower	NJ-4
1997	90231	LYNCH, JOHN	W	state:upper	NJ-17
2005	90546	LYNCH-MCCABE, KATHLEEN	L	state:lower	NJ-26
2001	16539	MACCORMACK, FRANK	L	state:upper	NJ-32
2003	90228	MACINNES, BLAIR B	L	state:upper	NJ-25
1997	90932	MACINNES, GORDON	L	state:upper	NJ-25
2007	3143	MADDEN MORIARTY & LOVE BRACKET			
2011	10814	MADDEN MORIARTY & MOSQUERA BRACKET			
2011	6399	MADDEN, FRED	W	state:upper	NJ-4
2005	6399	MADDEN, FRED H		state:upper	NJ-4
1997	90215	MAHER, DENNIS	L	state:lower	NJ-13
2011	90693	MAINOR, CHARLES	W	state:lower	NJ-31
2007	16605	MALLET, AMY	L	state:lower	NJ-12
2003	16605	MALLET, AMY A	L	state:lower	NJ-12
2005	2260	MALONE & DANCER BRACKET			
2009	755	MALONE III, JOSEPH R	W	state:lower	NJ-30
1999	755	MALONE, JOSEPH R	W	state:lower	NJ-30
2005	90219	MALOOL, NANCY	L	state:lower	NJ-22
2001	90243	MANGANELLO, JOSEPH L	L	state:upper	NJ-4
1999	90241	MANNING, JAMES W	L	state:lower	NJ-11
2005	2261	MANZO & EPPS BRACKET			
2003	6389	MANZO, LOUIS	W	state:lower	NJ-31
2007	6389	MANZO, LOUIS M	L	state:upper	NJ-31
2007	90242	MARABLE JR, EDWARD B	L	state:lower	NJ-27
2005	90245	MARANO, KENNETH C	L	state:lower	NJ-32
2007	16644	MAREK, WAYNE	L	state:lower	NJ-26
2009	16644	MAREK, WAYNE B	L	state:lower	NJ-26
1999	90246	MARGETIS, JAMES	L	state:lower	NJ-10
1997	90246	MARGETIS, JIM	L	state:lower	NJ-10
2009	3899	MARKS & VASTINE BRACKET			
2003	90081	MARKS, MARTIN	L	state:upper	NJ-22
1997	90234	MARSELLA, ANTHONY S	L	state:lower	NJ-4
2007	90268	MARSH, CAROL J	L	state:lower	NJ-33
1997	90082	MARSHALL, LEONARD P	L	state:upper	NJ-9
2007	90284	MARTIN, BOB	L	state:upper	NJ-15
2005	616	MARTIN, ROBERT J		state:upper	NJ-26
2009	90237	MARTINEZ, JIMMY	L	state:lower	NJ-2
1997	90275	MASON, PHYLLIS A	L	state:lower	NJ-17
2001	16750	MATHEUSSEN, JOHN J	W	state:upper	NJ-4
2003	90106	MATREYEK, GEORGE	L	state:lower	NJ-24
2007	90190	MAURER, PETER G	L	state:lower	NJ-23
2005	2262	MAYER & MORIARTY BRACKET			
2005	6383	MAYER, DAVID R	W	state:lower	NJ-4
1999	90194	MAZZA, ROCCO	L	state:lower	NJ-36
2009	132299	MCCANN, JOHN A	L	state:lower	NJ-1
2009	3900	MCCARTHY & SHAHDANIAN BRACKET			
2007	3144	MCCONNELL DESROCHERS & GATTO BRACKET			
2003	90539	MCCROSSON JR, ANDREW J	L	state:lower	NJ-1
2007	90180	MCCULLOUGH, JAMES (SONNY)	L	state:upper	NJ-2
1997	90185	MCGLYNN, MICHAEL B	L	state:lower	NJ-26
2011	412873	MCGOWAN, SHEREE	L	state:lower	NJ-14
2001	16922	MCGREEVEY, JAMES E	W	state:governor	
2011	352255	MCGUCKIN, GREGORY P	W	state:lower	NJ-10
2003	6390	MCHOSE, ALISON LITTELL	W	state:lower	NJ-24
2003	90183	MCINTYRE, FRANCIS D	L	state:upper	NJ-21
2003	90673	MCKEON, BRIAN	L	state:lower	NJ-15
2005	7631	MCKEON, JOHN F	W	state:lower	NJ-27
2003	766	MCNAMARA, HENRY P	W	state:upper	NJ-40
2007	90206	MEAD, WILLIAM F	L	state:upper	NJ-3
1997	90204	MECCA, JOSEPH A	L	state:lower	NJ-34
1997	17039	MEINGA, MOFALC O	L	state:lower	NJ-31
1999	90083	MERCURIO, LINDA A	L	state:lower	NJ-39
2009	90212	MERINGOLO, BRUCE	L	state:lower	NJ-21
2005	3976	MERKT, RICHARD A	W	state:lower	NJ-25
2007	3976	MERKT, RICK	W	state:lower	NJ-25
2001	3976	MERKT, RICK A	W	state:lower	NJ-25
2005	90210	MERMAN, STEVEN	L	state:lower	NJ-21
2007	90559	MESSINEO, LEONARD J	L	state:lower	NJ-17
2009	17104	MEYEROWITZ, MARK	L	state:lower	NJ-27
1997	90196	MIKULAK, STEPHEN A	L	state:upper	NJ-19
2003	90372	MILITELLO, VINCENT J	L	state:upper	NJ-31
2007	17159	MILLER, JOANNE	L	state:lower	NJ-29
2005	90580	MILLER, RICHARD L	L	state:lower	NJ-38
1997	90492	MINUTOLO, NICHOLAS	L	state:lower	NJ-13
1997	90592	MIRONOV, JANICE S	L	state:lower	NJ-14
2003	90832	MITCHELL, SIDNA B	L	state:lower	NJ-14
2011	10807	MITSCH & RICHARDSON BRACKET			
2011	352309	MITSCH, PHIL	L	state:upper	NJ-6
2007	90590	MODRAK, DAVID	L	state:lower	NJ-26
1999	90591	MOHEL, S KARL	L	state:lower	NJ-9
1997	90594	MONDGOCK, BOB	L	state:upper	NJ-30
2003	90163	MONTEIRO, A TONY	L	state:lower	NJ-20
1997	90598	MOONEY, THOMAS	L	state:lower	NJ-21
1999	17333	MORAN, JEFFREY W	W	state:lower	NJ-9
2005	2264	MORGAN & PANTER BRACKET			
2003	17348	MORGAN, ROBERT	W	state:lower	NJ-12
2009	3982	MORIARTY & COLLINS BRACKET			
2009	3901	MORIARTY & LOVE BRACKET			
2009	8004	MORIARTY, PAUL	W	state:lower	NJ-4
2007	8004	MORIARTY, PAUL D	W	state:lower	NJ-4
2007	3145	MORLINO ATKINSON & WILLIAMSON BRACKET			
2011	10815	MORLINO OROURKE & KLEINHENDLER BRACKET			
2007	17356	MORLINO, STEVEN	L	state:upper	NJ-30
2003	90704	MORTIMER, DAVID M	L	state:lower	NJ-24
2001	17397	MOSKAL, STANLEY J	L	state:upper	NJ-20
2011	352195	MOSQUERA, GABRIELA	W	state:lower	NJ-4
2012	352195	MOSQUERA, GABRIELA M	W	state:lower	NJ-4
2011	352305	MULLIGAN, MICHAEL M	L	state:upper	NJ-3
2001	7638	MUNOZ, DR ERIC	W	state:lower	NJ-21
2005	7638	MUNOZ, ERIC	W	state:lower	NJ-21
2003	90588	MUNOZ, JOSE C	L	state:lower	NJ-33
2011	90589	MUNOZ, NANCY F	W	state:lower	NJ-21
2005	2265	MURPHY & BOYLE BRACKET			
1999	17463	MURPHY, CAROL J	W	state:lower	NJ-26
2005	90610	MURPHY, JOHN	L	state:governor	
1997	90269	MURPHY, MICHAEL	L	state:governor	
2003	90587	MURPHY, PEGGY	L	state:lower	NJ-3
2003	90486	MUTI, RICHARD	L	state:upper	NJ-39
2003	17502	MYERS, CONNIE	W	state:lower	NJ-23
2007	3146	NAPOLITANI & PIRNAT BRACKET			
2005	17531	NATHOO, SALIM A	L	state:lower	NJ-17
2007	90608	NELSEN JR, DONALD H	L	state:upper	NJ-19
2012	1417178	NEMETH, SUE	L	state:lower	NJ-16
2005	1140	NEW DEMOCRATIC ASSEMBLY LEADERSHIP PAC OF NEW JERSEY			
2009	3766	NEW JERSEY DEMOCRATIC ASSEMBLY CAMPAIGN CMTE			
1999	979	NEW JERSEY DEMOCRATIC PARTY			
2003	503	NEW JERSEY REPUBLICAN PARTY			
2003	1339	NEW JERSEY WATER RESOURCES SAFETY COUNCIL			
2007	90570	NIBOT, CLARA S	L	state:upper	NJ-37
2001	90615	NIGRO, JOHN (JACK)	L	state:upper	NJ-40
2011	132290	NORCROSS, DONALD W	W	state:upper	NJ-5
2003	17659	NOZZA, DANIEL M	L	state:upper	NJ-20
1997	90614	OBRIEN, KENNEDY	L	state:lower	NJ-19
1997	90254	OBRIEN, MARY DEVON	L	state:lower	NJ-28
1997	90602	OCONNOR, EDWARD T	W	state:upper	NJ-31
2011	352169	ODONNELL, JASON	W	state:lower	NJ-31
1997	90332	ODONNELL, ROB	L	state:lower	NJ-1
2003	90600	OHAGAN, PETER J	L	state:lower	NJ-25
1997	90603	OKEEFE, BETTE	L	state:lower	NJ-37
2009	90606	OLEARY, JOHN T	W	state:lower	NJ-19
2007	7629	OLIVER, SHEILA Y	W	state:lower	NJ-34
2003	90553	ORBACH, JEFFREY M	L	state:upper	NJ-17
2011	8985	OROHO, STEVEN V	W	state:upper	NJ-24
2001	90554	OROURKE, MAUREEN	L	state:upper	NJ-11
2007	17811	ORTEGA, REYES	L	state:lower	NJ-19
2009	3902	OSCANLON & CASAGRANDE BRACKET			
2005	8018	OSCANLON JR, DECLAN	L	state:lower	NJ-12
2009	8018	OSCANLON JR, DECLAN J	W	state:lower	NJ-12
2007	3147	OTOOLE RUSSO & RUMANA BRACKET			
1997	2121	OTOOLE, KEVIN	W	state:lower	NJ-21
2005	2121	OTOOLE, KEVIN J	W	state:lower	NJ-40
2003	90558	OTTO, MARK	L	state:lower	NJ-6
2005	613	PALAIA, JOSEPH A		state:upper	NJ-11
1999	17882	PALMIERI, THOMAS E	L	state:lower	NJ-23
2007	3148	PANTER & MALLET BRACKET			
2007	3149	PANTER & MORGAN BRACKET			
2003	6385	PANTER, MICHAEL	W	state:lower	NJ-12
2007	6385	PANTER, MIKE	L	state:lower	NJ-12
2005	90442	PAQUETTE, MICHAEL D	L	state:lower	NJ-14
1997	90548	PATERNITI, THOMAS H	L	state:upper	NJ-18
2001	90551	PATNAUDE, SUZANNE	L	state:lower	NJ-24
2005	90552	PAWLOWSKI, JEFFREY	L	state:governor	
2003	3975	PAYNE, WILLIAM D	W	state:lower	NJ-29
2005	90845	PECK, MARK	L	state:lower	NJ-23
2009	7627	PENNACCHIO, JOE		state:upper	NJ-26
2003	7627	PENNACCHIO, JOSEPH	W	state:lower	NJ-26
2003	90574	PEREDO, PHILIP	L	state:lower	NJ-39
2001	18035	PEREZ-CINCIARELLI, ELBA	W	state:lower	NJ-31
1999	90571	PERRONE, MICHAEL L	L	state:lower	NJ-38
2003	90572	PERRY, THOMAS	L	state:lower	NJ-13
2005	90378	PETERSEN, CHRISTINE	L	state:lower	NJ-31
2009	90575	PETERSON, ERIK	W	state:lower	NJ-23
2003	90086	PEZZULLO, RICHARD J	L	state:upper	NJ-12
2005	90087	PHELAN, THOMAS A	L	state:lower	NJ-37
2009	90578	PIATKOWSKI, RICHARD W	L	state:lower	NJ-19
1999	90088	PIATT, JOHN	L	state:lower	NJ-2
1997	90088	PIATT, JOHN R	L	state:upper	NJ-2
2003	90576	PICKNEY, DAVID HENRY	L	state:lower	NJ-36
2001	90843	PINNEY, PAUL E	L	state:upper	NJ-26
2009	3903	PIO COSTA & DIORIO BRACKET			
2012	90345	PIO COSTA III, ANTHONY	L	state:lower	NJ-26
2007	18157	PIO COSTA, CARMEN	L	state:lower	NJ-36
1999	90089	PLAWKER, ILAN	L	state:lower	NJ-39
2003	90567	PLECHNER, RICHARD F	L	state:upper	NJ-18
2009	132297	POESL, JAMES C	L	state:lower	NJ-19
2007	8980	POLISTINA, VINCE	W	state:lower	NJ-2
2009	8980	POLISTINA, VINCENT J	W	state:lower	NJ-2
1997	90679	POTTER, GREGORY	L	state:lower	NJ-37
2007	3111	POU, NELLIE	W	state:lower	NJ-35
2003	18260	PREVITE, MARY T	W	state:lower	NJ-6
2003	90090	PRICE, THOMAS J	L	state:upper	NJ-8
2005	6384	PRIETO, VINCENT	W	state:lower	NJ-32
2007	90665	PROPP, BRIAN	L	state:lower	NJ-7
2011	352289	PUGLISI, DONNA	L	state:lower	NJ-35
2005	757	QUIGLEY, JOAN	W	state:lower	NJ-32
2007	757	QUIGLEY, JOAN M	W	state:lower	NJ-32
2011	90671	QUIJANO, ANNETTE	W	state:lower	NJ-20
2007	90091	QUINTANA, LUIS A	L	state:upper	NJ-29
2007	90363	RABBAT, VICTOR K	L	state:upper	NJ-40
2001	90670	RAICH, JOSEPH	L	state:lower	NJ-26
2007	3150	RAMOS & RODRIGUEZ BRACKET			
2011	9001	RAMOS JR, RUBEN J	W	state:lower	NJ-33
2005	18389	RANKIN, JERMAINE	L	state:lower	NJ-27
1997	90400	RANSAVAGE, SHARON B	L	state:lower	NJ-23
1997	90656	RAUH, JOHN	L	state:upper	NJ-1
2007	8982	REDD, DANA	W	state:upper	NJ-5
2005	2268	REILLY & DOHERTY BRACKET			
2001	18480	REILLY, JIM	L	state:lower	NJ-11
2005	2269	RHUDY & ZEE BRACKET			
2003	18514	RHUDY, PHILLIP S	L	state:upper	NJ-3
2011	8991	RIBLE, DAVID P	W	state:lower	NJ-30
1999	90853	RICCARDELLA, ROBERT	L	state:lower	NJ-38
2005	621	RICE, RONALD L		state:upper	NJ-28
2009	90686	RILEY, CELESTE M	W	state:lower	NJ-3
2007	90103	RILEY, TRACY L	L	state:lower	NJ-8
1997	90690	RINK, HARRY L	L	state:lower	NJ-3
2001	90688	RIVAS, ROBERT C	L	state:lower	NJ-37
2005	631	ROBERTS, JOE	W	state:lower	NJ-5
1999	631	ROBERTS, JOSEPH J	W	state:lower	NJ-5
2001	18629	ROBERTSON, NORMAN M	L	state:upper	NJ-34
2011	352266	ROBINSON, SHANE	L	state:lower	NJ-19
1997	90703	ROCCO, JOHN A	L	state:upper	NJ-6
2009	9002	RODRIGUEZ, CARIDAD	W	state:lower	NJ-33
2003	90680	ROGERS, MATT	L	state:upper	NJ-40
1999	18689	ROMANO, LOUIS A	L	state:lower	NJ-33
2011	352206	ROME, CATHERINE TINNEY	L	state:lower	NJ-12
2001	758	ROONEY, JOHN	W	state:lower	NJ-39
1999	758	ROONEY, JOHN E	W	state:lower	NJ-39
2001	90617	ROONEY, JOHN P	L	state:lower	NJ-16
2011	352315	ROSALES, HELEN S	L	state:upper	NJ-20
1997	90629	ROSE, SUSAN R	L	state:lower	NJ-6
2009	3904	ROTH & AMBERG BRACKET			
2009	90627	ROTTINO, ANTHONY W	L	state:lower	NJ-40
1999	90634	RUANE, ROBERT M	L	state:lower	NJ-34
2007	8989	RUDDER, SCOTT	W	state:lower	NJ-8
1999	90635	RUDY, DONALD	L	state:lower	NJ-16
2007	3151	RUIZ COUTINHO & SPENCER BRACKET			
2011	8986	RUIZ, M TERESA	W	state:upper	NJ-29
2011	9003	RUMANA, SCOTT T	W	state:lower	NJ-40
2009	3983	RUMPF & GOVE BRACKET			
2009	3905	RUMPF & VANPELT BRACKET			
2003	6392	RUMPF, BRIAN E	W	state:lower	NJ-9
2009	3906	RUSSO & RUMANA BRACKET			
2007	759	RUSSO, DAVID C	W	state:lower	NJ-40
1999	18792	RUVOLO, CLARA	L	state:lower	NJ-7
2003	90538	RYAN, HELEN	L	state:lower	NJ-21
1999	90619	RYAN, JACK	L	state:lower	NJ-9
2001	90622	RYAN, TIMOTHY E	L	state:upper	NJ-10
2011	767	SACCO, NICHOLAS J	W	state:upper	NJ-32
2009	3991	SANABRIA-TEJADA & LINHARES BRACKET			
2005	90647	SANDOVAL, JOSE M	L	state:lower	NJ-36
2001	90648	SANGSTER, M MOSES	L	state:lower	NJ-34
1999	90585	SANSONE, JOSEPH	L	state:lower	NJ-23
2011	352235	SANTIAGO, RAYMOND	L	state:upper	NJ-11
2007	90649	SANTINI JR, DOMINICK C	L	state:lower	NJ-23
2007	3152	SARLO SCALERA & SCHAER BRACKET			
2011	10817	SARLO SCHAER & CARIDE BRACKET			
2001	7639	SARLO, PAUL	W	state:lower	NJ-36
2007	7639	SARLO, PAUL A	W	state:upper	NJ-36
2009	90651	SAVICKY, ANDREW	L	state:lower	NJ-4
2009	3984	SCALERA & SCHAER BRACKET			
2007	6393	SCALERA, FREDERICK	W	state:lower	NJ-36
2001	90637	SCERNI, FRED	L	state:lower	NJ-2
2005	8090	SCHAER, GARY	W	state:lower	NJ-36
2011	8090	SCHAER, GARY S	W	state:lower	NJ-36
2003	90644	SCHAINHOLZ, JAY D	L	state:upper	NJ-38
2011	412889	SCHEPISI, HOLLY	W	state:lower	NJ-39
2007	90095	SCHEURER, JASON M	L	state:lower	NJ-14
2005	90641	SCHINDLER, JANICE	L	state:lower	NJ-25
2011	352205	SCHLOSSBACH, MARILYN	W	state:lower	NJ-11
2001	90096	SCHLUTER, BILL	L	state:governor	
2009	90097	SCHROEDER, ROBERT	W	state:lower	NJ-39
2001	19018	SCHUNDLER, BRET	L	state:governor	
2005	19018	SCHUNDLER, BRET D	L	state:governor	
2007	90620	SCIANCALEPORE, LISA	L	state:lower	NJ-40
1997	90444	SCOTT, JOHN P	L	state:upper	NJ-36
2005	6381	SCUTARI, NICHOLAS P		state:upper	NJ-22
2001	90516	SEBOLD, PATRICIA	L	state:lower	NJ-27
1997	90451	SEGARRA SMITH, DIANA	L	state:lower	NJ-14
2011	10818	SELBY HUHN & NYE BRACKET			
2001	19085	SELBY, EDWIN	L	state:upper	NJ-24
2007	19085	SELBY, EDWIN C	L	state:upper	NJ-24
2003	90199	SELK, MELANIE	L	state:lower	NJ-21
1999	90449	SELTZER, ROBERT J	L	state:lower	NJ-6
2003	283	SENATE DEMOCRATIC MAJORITY OF NEW JERSEY			
2001	121	SENATE PRESIDENTS CMTE OF NEW JERSEY			
2009	3771	SENATE REPUBLICAN MAJORITY OF NEW JERSEY			
2005	19095	SERAFIN, STAN	L	state:lower	NJ-16
2011	90436	SEYLER, DANIEL	L	state:upper	NJ-23
2007	90436	SEYLER, DANIEL Z	L	state:upper	NJ-23
1997	90876	SHESTACK, ROBERT S	L	state:lower	NJ-8
2009	3988	SHKOLAR & TIDD BRACKET			
2001	19209	SHORE, MURIEL M	L	state:lower	NJ-27
1997	90441	SHUSTED, THOMAS	L	state:lower	NJ-6
2009	19238	SIEMASZKIEWICZ, WOJCIECH	L	state:lower	NJ-37
2007	19238	SIEMASZKIEWICZ, WOJCIECH J	L	state:lower	NJ-37
2011	352270	SIERCHIO, JOHN G	L	state:lower	NJ-25
2011	352264	SILVA, MARCIA	L	state:lower	NJ-18
2001	90439	SILVERMAN, JARED	L	state:upper	NJ-27
2012	1417177	SIMON, DONNA M	W	state:lower	NJ-16
2009	3907	SINAGRA & JONES BRACKET			
2011	10796	SINAGRA SILVA & DITTMAN BRACKET			
1997	90440	SINAGRA, JACK G	W	state:upper	NJ-18
2007	19272	SINAGRA, JOSEPH	L	state:lower	NJ-18
2001	768	SINGER, ROBERT W	W	state:upper	NJ-30
2007	90461	SINGH, SEEMA	L	state:upper	NJ-14
2011	352197	SINGLETON, TROY	W	state:lower	NJ-7
2003	3739	SIRES, ALBIO	W	state:lower	NJ-33
1997	90394	SIVELLA, DAVID	L	state:lower	NJ-36
2009	90469	SMILEY, RICK	L	state:lower	NJ-22
2001	630	SMITH, BOB	W	state:upper	NJ-17
1999	630	SMITH, BOB (ROBERT)	W	state:lower	NJ-17
2003	90466	SMITH, BRIAN D	L	state:lower	NJ-23
2009	19352	SMITH, EDWARD J	L	state:lower	NJ-23
2005	90454	SMITH, GARRETT	L	state:lower	NJ-20
2003	6387	SMITH, L HARVEY	L	state:upper	NJ-31
2003	19395	SMITH, ROBERT	W	state:lower	NJ-4
1999	19395	SMITH, ROBERT J	W	state:lower	NJ-4
2009	90817	SMITH, TAMMEISHA	L	state:lower	NJ-23
1999	19406	SMITH, THOMAS S	W	state:lower	NJ-11
1997	19406	SMITH, TOM	W	state:lower	NJ-11
2001	19406	SMITH, TOM S	W	state:lower	NJ-11
2003	90420	SOLARZ, KENNETH	L	state:lower	NJ-8
2003	90834	SOLOMON, J HOWARD	L	state:lower	NJ-34
2003	90456	SORANTINO, DOUGLAS	L	state:lower	NJ-3
1999	19458	SORKIN, KENNETH M	L	state:lower	NJ-36
2009	3908	SPEDDING & KOCUBINSKI BRACKET			
2011	90457	SPEDDING, WILLIAM (BILL)	L	state:lower	NJ-12
2009	8999	SPENCER, L GRACE	W	state:lower	NJ-29
2001	90201	SPERA, GABE	L	state:lower	NJ-22
1997	90408	SPIKE, GERALD	L	state:upper	NJ-33
2007	6401	STACK, BRIAN P	W	state:upper	NJ-33
2011	10819	STAFFORD & HEISS-COLUCCI BRACKET			
2001	2091	STANLEY, CRAIG A	W	state:lower	NJ-28
2005	2092	STEELE, ALFRED	W	state:lower	NJ-35
2001	2092	STEELE, ALFRED E	W	state:lower	NJ-35
2001	90753	STEELE, MICHAEL G	L	state:lower	NJ-28
2001	90100	STEINBERG, ELLEN	L	state:upper	NJ-21
2003	7628	STENDER, LINDA	W	state:lower	NJ-22
2007	7628	STENDER, LINDA A	W	state:lower	NJ-22
2001	90411	STRUBEN, CHRISTOPHER F	L	state:lower	NJ-19
1999	19710	STUHLTRAGER, GARY	W	state:lower	NJ-3
1997	19710	STUHLTRAGER, GARY W	W	state:lower	NJ-3
2001	90401	STURMFELS, LYLE M (PEGGI)	L	state:lower	NJ-30
2003	19727	SULIGA, JOSEPH S	W	state:upper	NJ-22
2011	352319	SULLIVAN, WILLIAM	L	state:upper	NJ-27
2011	352225	SUMTER, SHAVONDA E	W	state:lower	NJ-35
1997	90404	SUPLEE, MEL	L	state:upper	NJ-5
2007	3153	SWEENEY BURZICHELLI & FISHER BRACKET			
2011	10820	SWEENEY BURZICHELLI & RILEY BRACKET			
2001	7636	SWEENEY, STEPHEN M	W	state:upper	NJ-3
2003	90633	SWIFT, STEPHEN P	L	state:lower	NJ-2
2003	90426	SWIFT, TOM	L	state:upper	NJ-2
1999	19813	TALARICO, GUY F	W	state:lower	NJ-38
2009	3909	TAYLOR & GRAF BRACKET			
2009	90913	TAYLOR, KIM	L	state:lower	NJ-15
2003	90431	TEDESCO JR, LOUIS A	L	state:lower	NJ-38
2001	90432	TEMPESTA, JOSEPH	L	state:lower	NJ-27
2003	90101	TERRANOVA, PETER A	L	state:lower	NJ-9
2011	352241	THOENI, RICK	L	state:upper	NJ-25
1997	3972	THOMPSON, SAM	W	state:lower	NJ-13
2007	3972	THOMPSON, SAMUEL	W	state:lower	NJ-13
2005	3972	THOMPSON, SAMUEL D	W	state:lower	NJ-13
2003	90207	THURING, ROBERT D	L	state:lower	NJ-18
2011	10821	TIVENAN WARY & EYTAN BRACKET			
2003	90507	TOMANELLI, JOSEPH	L	state:upper	NJ-40
2011	352223	TORRES, FRANCISCO E	L	state:lower	NJ-32
2011	352226	TORRES, SAMUEL	L	state:lower	NJ-35
1997	90639	TOTO, THOMAS J	L	state:lower	NJ-18
2003	90517	TRAWINSKI, ED	L	state:lower	NJ-38
2003	90915	TROAST, DAVID R	L	state:upper	NJ-35
2003	90521	TRONCONE, MARK	L	state:lower	NJ-10
2007	90632	TRUITT, OADLINE D	L	state:lower	NJ-28
2011	8997	TUCKER, CLEOPATRA G	W	state:lower	NJ-28
2001	20141	TUCKER, DONALD	W	state:lower	NJ-28
2007	3154	TURNER GUSCIORA & WATSON COLEMAN BRACKET			
2003	760	TURNER, SHIRLEY K	W	state:upper	NJ-15
2003	90511	TWERSKY-GLASNER, AVIVA	L	state:upper	NJ-9
2011	90509	TYNER, DAMON	L	state:lower	NJ-2
2003	90712	UNGER, BRIAN	L	state:upper	NJ-11
2007	3971	VAINIERI HUTTLE, VALERIE	W	state:lower	NJ-37
2005	90108	VALDES, RICHARD	L	state:lower	NJ-33
2005	2271	VAN DREW & ALBANO BRACKET			
2011	10823	VAN DREW ALBANO & MILAM BRACKET			
2005	3968	VAN DREW, JEFF	W	state:lower	NJ-1
1999	20236	VAN HOUTEN, NORMAN	L	state:lower	NJ-18
2001	20236	VAN HOUTEN, NORMAN J	L	state:lower	NJ-18
2011	10824	VAN PELT & FIRST BRACKET			
2011	10786	VAN PELT FIRST & CLASS BRACKET			
2007	8990	VAN PELT, DANIEL M	W	state:lower	NJ-9
2009	3992	VANDERVALK & SCHROEDER BRACKET			
2007	624	VANDERVALK, CHARLOTTE	W	state:lower	NJ-39
2005	6388	VAS, JOSEPH	W	state:lower	NJ-19
2007	90540	VEGA, SILVERIO A	L	state:upper	NJ-33
2009	90697	VELEZ-GENTRY, STEPFANIE	L	state:lower	NJ-5
2011	352237	VELLA, MAUREEN	L	state:upper	NJ-16
2003	90416	VIALL JR, PAUL G	L	state:upper	NJ-24
2007	90528	VILLAPIANO, JOHN A	L	state:upper	NJ-11
2011	90529	VILLARE, BOB	L	state:lower	NJ-3
2009	90529	VILLARE, ROBERT	L	state:lower	NJ-3
2009	3910	VISOTCKY & RUE BRACKET			
2005	3970	VITALE, JOSEPH F		state:upper	NJ-19
1999	90533	VITALE, SALVATORE	L	state:lower	NJ-12
2009	3985	VOSS & WAGNER BRACKET			
2003	6400	VOSS, JOAN	W	state:lower	NJ-38
2005	6400	VOSS, JOAN M	W	state:lower	NJ-38
2009	9234	WAGNER, CONCETTA	W	state:lower	NJ-38
2011	9234	WAGNER, CONNIE TERRANOVA	W	state:lower	NJ-38
2005	90227	WAGNER-GLASER, SUSAN L	L	state:lower	NJ-23
1997	90276	WAKS, JOAN	L	state:upper	NJ-34
2007	90483	WALKER, BESSIE	L	state:lower	NJ-29
1999	90480	WALL, TERENCE M	L	state:lower	NJ-12
2007	3156	WALSH & BROWN BRACKET			
2007	90481	WALSH, PAT	L	state:lower	NJ-24
2001	90484	WALSH, PATRICIA	L	state:lower	NJ-22
2011	352246	WALTERS, SUZANNE M	L	state:lower	NJ-1
2001	90487	WARGACKI, WALTER G	L	state:lower	NJ-36
2001	90488	WARTENBERG, DANIEL	L	state:upper	NJ-16
2005	12799	WATSON COLEMAN, BONNIE	W	state:lower	NJ-15
1999	90371	WAUTERS, STEPHANIE	L	state:lower	NJ-10
2007	6397	WEBBER, JAY	W	state:lower	NJ-26
1997	90472	WEBSTER STANSBURY, WANDA	L	state:lower	NJ-15
2007	90475	WEFER, DANA	L	state:lower	NJ-25
2005	2272	WEINBERG & JOHNSON BRACKET			
2007	3157	WEINBERG JOHNSON & HUTTLE BRACKET			
1999	632	WEINBERG, LORETTA	W	state:lower	NJ-37
1999	20554	WEINGARTEN, JOEL M	W	state:lower	NJ-21
2007	90306	WENZEL, BRITTA FORSBERG	L	state:upper	NJ-10
1999	90476	WERNER, EDWARD G	L	state:lower	NJ-30
2005	2273	WHELAN & TYNER BRACKET			
2011	10825	WHELAN COOPER & TYNER BRACKET			
2007	3158	WHELAN KUEHNER & SPELLMAN BRACKET			
2007	3159	WHELAN WILKINS & SPELLMAN BRACKET			
2007	8003	WHELAN, JAMES	W	state:upper	NJ-2
2005	90500	WHITE, JOHN J	L	state:lower	NJ-8
1997	90498	WHITMAN, CHRISTINE T	W	state:governor	
1997	90125	WIEBALK, WENDY L	L	state:lower	NJ-18
1997	90499	WILKINS, CHANNELL	L	state:lower	NJ-15
2007	90502	WILKINS, JOE	L	state:lower	NJ-2
1997	90209	WILLIAMS, GEORGE	L	state:lower	NJ-7
2005	20776	WILLIAMSON, JEFFREY	L	state:lower	NJ-30
2011	352166	WILSON, GILBERT L (WHIP)	W	state:lower	NJ-5
2011	10826	WIMBERLY & SUMPTER BRACKET			
2011	352227	WIMBERLY, BENJIE E	W	state:lower	NJ-35
2005	90503	WINTERS, FRANK	L	state:lower	NJ-4
2005	2089	WISNIEWSKI, JOHN S	W	state:lower	NJ-19
2011	352259	WITTMAN, WAYNE	L	state:lower	NJ-14
2009	761	WOLFE, DAVID W	W	state:lower	NJ-10
2007	90799	WOOD, ERIC A	L	state:lower	NJ-24
2003	90102	WOODROW, CHARLES	L	state:lower	NJ-3
2001	20931	WRIGHT, BARBARA	L	state:lower	NJ-14
1997	20931	WRIGHT, BARBARA W	W	state:lower	NJ-14
2011	352316	WRIGHT, SHANNON	L	state:upper	NJ-22
2001	139222	ZANE, RAYMOND J	L	state:upper	NJ-3
2001	139248	ZECKER, GERALD H	L	state:lower	NJ-34
2003	90490	ZELANTE, THOMAS A	L	state:lower	NJ-25
2007	90493	ZELLMAN, SUSAN	L	state:lower	NJ-24
2007	90496	ZIMMER, TONI	L	state:lower	NJ-24
1997	90791	ZIMMERMANN, BILL	L	state:upper	NJ-9
1999	139336	ZISA, CHARLES	W	state:lower	NJ-37
2007	90494	ZUNIC, JOHN	L	state:upper	NJ-40
