1997	11074	ALBERT, NORMAN	L
1997	11267	ARNONE, MICHAEL J	W
1997	11311	AUGUSTINE, ALAN M	W
1997	11325	AZZOLINA, JOE	W
1997	11354	BAER, BYRON M	W
1997	11358	BAGGER, RICHARD H	W
1997	11636	BENNETT, JOHN O	W
1997	12297	CAFIERO, JAMES S	W
1997	12586	CHARLES, JOSEPH	W
1997	12799	WATSON COLEMAN, BONNIE	W
1997	12818	COLLINS, JACK	W
1997	12856	CONNORS JR, LEONARD T	W
1997	12949	COTTRELL, MELVIN	W
1997	13007	CRECCO, MARION	W
1997	13376	DIGAETANO, PAUL	W
1997	13681	EPSTEIN, DANIEL N	L
1997	13771	FARRAGHER, CLARE M	W
1997	13799	FELICE, NICHOLAS R	W
1997	139222	ZANE, RAYMOND J	W
1997	139248	ZECKER, GERALD H	W
1997	139336	ZISA, CHARLES	W
1997	14050	FRISCIA, ARLINE M	W
1997	14081	FURNARI, GARRY J	W
1997	14148	GARCIA, RAUL	W
1997	14175	GARRETT, E SCOTT	W
1997	14213	GEIST, GEORGE F	W
1997	14259	GIBSON, JOHN C	W
1997	14890	HECK, ROSE MARIE	W
1997	15301	IMPREVEDUTO, ANTHONY	W
1997	15579	JONES, LEROY J	W
1997	15751	KELLY, JOHN V	W
1997	15785	KENNY, BERNARD F	W
1997	15972	KOSCO, LOUIS F	W
1997	15987	KRAMER, PAUL R	W
1997	16227	LEFEVRE, KENNETH C	W
1997	16415	LONEGAN, STEVEN M	L
1997	16506	LUONGO, GERALD J	W
1997	16750	MATHEUSSEN, JOHN J	W
1997	16922	MCGREEVEY, JAMES E	L
1997	17039	MEINGA, MOFALC O	L
1997	17333	MORAN, JEFFREY W	W
1997	17463	MURPHY, CAROL J	W
1997	17502	MYERS, CONNIE	W
1997	18	KYRILLOS, JOE	W
1997	18260	PREVITE, MARY T	W
1997	18629	ROBERTSON, NORMAN M	W
1997	18689	ROMANO, LOUIS A	W
1997	19406	SMITH, TOM	W
1997	19458	SORKIN, KENNETH M	L
1997	19710	STUHLTRAGER, GARY W	W
1997	19727	SULIGA, JOSEPH S	W
1997	19813	TALARICO, GUY F	W
1997	20141	TUCKER, DONALD	W
1997	20554	WEINGARTEN, JOEL M	W
1997	2076	BLEE, FRANK	W
1997	2078	GREENWALD, LOUIS D	W
1997	2086	ALLEN, DIANE	W
1997	2087	GUSCIORA, REED	W
1997	2089	WISNIEWSKI, JOHN S	W
1997	2090	CARABALLO, WILFREDO	W
1997	2091	STANLEY, CRAIG A	W
1997	2092	STEELE, ALFRED	W
1997	20931	WRIGHT, BARBARA W	W
1997	2121	OTOOLE, KEVIN	W
1997	2123	CARROLL, MICHAEL P	W
1997	3111	POU, NELLIE	W
1997	3124	CHATZIDAKIS, LARRY	W
1997	3969	CONAWAY JR, HERBERT C	W
1997	3970	VITALE, JOSEPH F	W
1997	3971	VAINIERI HUTTLE, VALERIE	L
1997	3972	THOMPSON, SAM	W
1997	3974	BIONDI, PETER J	W
1997	3975	PAYNE, WILLIAM D	W
1997	3976	MERKT, RICK	W
1997	3982	CONNERS, JACK	W
1997	613	PALAIA, JOSEPH A	W
1997	614	CARDINALE, GERALD	W
1997	615	CIESLA, ANDREW R	W
1997	616	MARTIN, ROBERT J	W
1997	617	LITTELL, ROBERT E	W
1997	618	ADLER, JOHN H	W
1997	619	CODEY, RICHARD J	W
1997	621	RICE, RONALD L	W
1997	623	CONNORS, CHRISTOPHER J	W
1997	624	VANDERVALK, CHARLOTTE	W
1997	625	DECROCE, ALEX	W
1997	626	CORODEMUS, STEVE	W
1997	627	BATEMAN, CHRISTOPHER	W
1997	628	KAVANAUGH, WALTER J	W
1997	629	DORIA, JOSEPH V	W
1997	630	SMITH, BOB	W
1997	631	ROBERTS, JOE	W
1997	632	WEINBERG, LORETTA	W
1997	633	COHEN, NEIL M	W
1997	729	ASSELTA, NICHOLAS	W
1997	746	BODINE, FRANCIS L	W
1997	747	BRYANT, WAYNE R	W
1997	748	BUCCO, ANTHONY R	W
1997	749	BUONO, BARBARA	W
1997	750	BARK, MARTHA W	W
1997	751	GILL, NIA H	W
1997	752	GREEN, JERRY	W
1997	753	GREGG, GUY R	W
1997	754	HOLZAPFEL, JAMES W	W
1997	755	MALONE III, JOSEPH R	W
1997	756	LANCE, LEONARD	W
1997	757	QUIGLEY, JOAN	W
1997	758	ROONEY, JOHN	W
1997	759	RUSSO, DAVID C	W
1997	760	TURNER, SHIRLEY K	W
1997	761	WOLFE, DAVID W	W
1997	762	GIRGENTI, JOHN A	W
1997	763	GORMLEY, WILLIAM L	W
1997	764	INVERSO, PETER A	W
1997	765	LESNIAK, RAYMOND J	W
1997	766	MCNAMARA, HENRY P	W
1997	767	SACCO, NICHOLAS J	W
1997	768	SINGER, ROBERT W	W
1997	769	CRUZ PEREZ, NILSA	W
1997	8095	BARNES, PETER J	W
1997	90060	DESMOND, JOHN P	L
1997	90061	DIFRANCESCO, DONALD T	W
1997	90066	FREDA, RICHARD	L
1997	90071	HALL, MARIE	L
1997	90082	MARSHALL, LEONARD P	L
1997	90088	PIATT, JOHN R	L
1997	90089	PLAWKER, ILAN	L
1997	90096	SCHLUTER, BILL	W
1997	90110	LAROSSA, DICK	L
1997	90112	KUTSCHER, AUSTIN	L
1997	90115	KURTZ, KENNETH A	L
1997	90116	FAULKNER, KEN	L
1997	90122	LIPPMAN, SHERRI	L
1997	90125	WIEBALK, WENDY L	L
1997	90130	LERNER, HARRIET	L
1997	90173	ADINOLFI, ALFONSO	L
1997	90185	MCGLYNN, MICHAEL B	L
1997	90196	MIKULAK, STEPHEN A	L
1997	90202	GOMEZ, FREDDY	L
1997	90204	MECCA, JOSEPH A	L
1997	90209	WILLIAMS, GEORGE	L
1997	90215	MAHER, DENNIS	L
1997	90231	LYNCH, JOHN	W
1997	90234	MARSELLA, ANTHONY S	L
1997	90246	MARGETIS, JIM	L
1997	90254	OBRIEN, MARY DEVON	L
1997	90269	MURPHY, MICHAEL	L
1997	90275	MASON, PHYLLIS A	L
1997	90276	WAKS, JOAN	L
1997	90278	KLATTENBERG, RICHARD R	L
1997	90286	FAMULARO, JAMES 0	L
1997	90332	ODONNELL, ROB	L
1997	90333	HERSHOOPF, GAYLE	L
1997	90334	CATANIA, FRANK	L
1997	90336	HERNANDEZ, E IRIS	L
1997	90352	IGNATOFF, MITCHELL E	L
1997	90375	GRAVES, KAROLE A	L
1997	90386	LEVINE, DANIEL B	L
1997	90394	SIVELLA, DAVID	L
1997	90400	RANSAVAGE, SHARON B	L
1997	90404	SUPLEE, MEL	L
1997	90408	SPIKE, GERALD	L
1997	90415	GREENSPAN, MICHAEL	L
1997	90440	SINAGRA, JACK G	W
1997	90441	SHUSTED, THOMAS	L
1997	90443	BIGLOWARCZUK, DEBBIE	L
1997	90444	SCOTT, JOHN P	L
1997	90451	SEGARRA SMITH, DIANA	L
1997	90462	BRODERICK, ROBERT P	L
1997	90472	WEBSTER STANSBURY, WANDA	L
1997	90492	MINUTOLO, NICHOLAS	L
1997	90498	WHITMAN, CHRISTINE T	W
1997	90499	WILKINS, CHANNELL	L
1997	90514	LUBY, JOHN	L
1997	90523	BARNES, JOHN P	L
1997	90532	LUGOSSY, GILBERT W	L
1997	90548	PATERNITI, THOMAS H	L
1997	90592	MIRONOV, JANICE S	L
1997	90594	MONDGOCK, BOB	L
1997	90598	MOONEY, THOMAS	L
1997	90602	OCONNOR, EDWARD T	W
1997	90603	OKEEFE, BETTE	L
1997	90614	OBRIEN, KENNEDY	L
1997	90629	ROSE, SUSAN R	L
1997	90638	LEONE, JUDITH G	L
1997	90639	TOTO, THOMAS J	L
1997	90656	RAUH, JOHN	L
1997	90664	HARRIS, LILLIAN	L
1997	90667	DONOVAN, MATTHEW	L
1997	90679	POTTER, GREGORY	L
1997	90690	RINK, HARRY L	L
1997	90703	ROCCO, JOHN A	L
1997	90709	DADAMO, AMADEO	L
1997	90711	LIPMAN, WYNONA	W
1997	90725	CALANDRILLO, REGINA	L
1997	90727	CAFFREY, MIKE	L
1997	90741	DALTON, SEAN F	L
1997	90770	COMEY, J MARTIN	L
1997	90789	AULT, MARGARET	L
1997	90791	ZIMMERMANN, BILL	L
1997	90814	ARONSON, ERIC S	L
1997	90818	ABRAHAM, JOHN	L
1997	90825	ALVAREZ, MICAELA	L
1997	90829	ANDREWS, ROBERT E	L
1997	90836	BRENYCZ, EUGENE	L
1997	90852	BARON, ANDREW	L
1997	90868	BASSANO, C LOUIS	W
1997	90876	SHESTACK, ROBERT S	L
1997	90906	DEMARSE, MICHAEL PAUL	L
1997	90907	DIMARIA, JOHN	L
1997	90920	DRESSEL, FRED	L
1997	90923	DUNCAN, BRIAN A	L
1997	90926	DOWNING, BETTYJEAN	L
1997	90932	MACINNES, GORDON	L
1999	11267	ARNONE, MICHAEL J	W
1999	11311	AUGUSTINE, ALAN M	W
1999	11325	AZZOLINA, JOSEPH	W
1999	11358	BAGGER, RICHARD H	W
1999	12423	CARLAMERE, DAVID	L
1999	12586	CHARLES, JOSEPH	W
1999	12799	WATSON COLEMAN, BONNIE	W
1999	12818	COLLINS, JACK	W
1999	12949	COTTRELL, MELVIN	W
1999	13007	CRECCO, MARION	W
1999	13275	DELVECCHIO, FRANK	L
1999	13376	DIGAETANO, PAUL	W
1999	13771	FARRAGHER, CLARE M	W
1999	13799	FELICE, NICHOLAS R	W
1999	139248	ZECKER, GERALD H	W
1999	139336	ZISA, CHARLES	W
1999	14050	FRISCIA, ARLINE M	W
1999	14148	GARCIA, RAUL	W
1999	14175	GARRETT, E SCOTT	W
1999	14213	GEIST, GEORGE F	W
1999	14259	GIBSON, JOHN C	W
1999	14551	GUEAR, GARY L	W
1999	14890	HECK, ROSE MARIE	W
1999	15301	IMPREVEDUTO, ANTHONY	W
1999	15579	JONES, LEROY J	W
1999	15751	KELLY, JOHN V	W
1999	15987	KRAMER, PAUL R	L
1999	16061	LABOY, MARIA A	L
1999	16227	LEFEVRE, KENNETH C	W
1999	16506	LUONGO, GERALD J	L
1999	17333	MORAN, JEFFREY W	W
1999	17463	MURPHY, CAROL J	W
1999	17502	MYERS, CONNIE	W
1999	17882	PALMIERI, THOMAS E	L
1999	18260	PREVITE, MARY T	W
1999	18689	ROMANO, LOUIS A	L
1999	18792	RUVOLO, CLARA	L
1999	19352	SMITH, EDWARD J	L
1999	19395	SMITH, ROBERT J	W
1999	19406	SMITH, THOMAS S	W
1999	19458	SORKIN, KENNETH M	L
1999	19710	STUHLTRAGER, GARY	W
1999	19727	SULIGA, JOSEPH S	W
1999	19813	TALARICO, GUY F	W
1999	20141	TUCKER, DONALD	W
1999	20236	VAN HOUTEN, NORMAN	L
1999	20554	WEINGARTEN, JOEL M	W
1999	2076	BLEE, FRANCIS J	W
1999	2078	GREENWALD, LOUIS D	W
1999	2087	GUSCIORA, REED	W
1999	2089	WISNIEWSKI, JOHN S	W
1999	2090	CARABALLO, WILFREDO	W
1999	2091	STANLEY, CRAIG A	W
1999	2092	STEELE, ALFRED E	W
1999	20931	WRIGHT, BARBARA W	L
1999	2121	OTOOLE, KEVIN J	W
1999	2123	CARROLL, MICHAEL PATRICK	W
1999	3111	POU, NELLIE	W
1999	3124	CHATZIDAKIS, LARRY	W
1999	3738	DOHERTY, MICHAEL J	L
1999	3739	SIRES, ALBIO	W
1999	3740	GREENSTEIN, LINDA R	W
1999	3741	BURZICHELLI, JOHN J	L
1999	3969	CONAWAY, HERB	W
1999	3972	THOMPSON, SAM	W
1999	3974	BIONDI, PETER J	W
1999	3975	PAYNE, WILLIAM D	W
1999	3976	MERKT, RICK	W
1999	3982	CONNERS, JACK	W
1999	623	CONNORS, CHRISTOPHER J	W
1999	624	VANDERVALK, CHARLOTTE	W
1999	625	DECROCE, ALEX	W
1999	626	CORODEMUS, STEVE	W
1999	627	BATEMAN, CHRISTOPHER S	W
1999	629	DORIA, JOSEPH V	W
1999	630	SMITH, BOB (ROBERT)	W
1999	631	ROBERTS, JOSEPH J	W
1999	632	WEINBERG, LORETTA	W
1999	633	COHEN, NEIL M	W
1999	729	ASSELTA, NICHOLAS	W
1999	746	BODINE, FRANCIS L	W
1999	749	BUONO, BARBARA	W
1999	751	GILL, NIA H	W
1999	752	GREEN, JERRY	W
1999	753	GREGG, GUY R	W
1999	754	HOLZAPFEL, JAMES W	W
1999	755	MALONE, JOSEPH R	W
1999	756	LANCE, LEONARD	W
1999	757	QUIGLEY, JOAN	W
1999	758	ROONEY, JOHN E	W
1999	759	RUSSO, DAVID C	W
1999	761	WOLFE, DAVID W	W
1999	769	CRUZ-PEREZ, NILSA	W
1999	8095	BARNES, PETER J	W
1999	90066	FREDA, RICHARD	L
1999	90071	HALL, MARIE	L
1999	90073	HERBERT, HELENE	L
1999	90083	MERCURIO, LINDA A	L
1999	90088	PIATT, JOHN	L
1999	90089	PLAWKER, ILAN	L
1999	90134	LERNER, DAVID M	L
1999	90136	LEVINE, JOSHUA	L
1999	90156	JONES, BARBARA A	L
1999	90169	KAYE, SAMUEL D	L
1999	90182	HES, SHARON	L
1999	90194	MAZZA, ROCCO	L
1999	90241	MANNING, JAMES W	L
1999	90246	MARGETIS, JAMES	L
1999	90291	KASPARIAN, MICHAEL	L
1999	90292	FALLON, GEORGE C	L
1999	90298	LEITNER, SHELDON	L
1999	90327	DANIELS, GARY	L
1999	90360	GOLDFARB, SIDNEY	L
1999	90371	WAUTERS, STEPHANIE	L
1999	90383	HARRIS, DWAYNE M	L
1999	90449	SELTZER, ROBERT J	L
1999	90476	WERNER, EDWARD G	L
1999	90480	WALL, TERENCE M	L
1999	90482	GILLESPIE, PATRICK M	L
1999	90533	VITALE, SALVATORE	L
1999	90541	CHOQUETTE, EDWARD J	L
1999	90561	BESON, MICHAEL	L
1999	90571	PERRONE, MICHAEL L	L
1999	90585	SANSONE, JOSEPH	L
1999	90591	MOHEL, S KARL	L
1999	90611	BERKES, MILTON	L
1999	90619	RYAN, JACK	L
1999	90634	RUANE, ROBERT M	L
1999	90635	RUDY, DONALD	L
1999	90646	DESTEFANO, WILLIAM A	L
1999	90706	COHAN, MICHAEL P	L
1999	90723	BUTCHKO, MICHAEL	L
1999	90733	CAUFIELD, DENNIS M	L
1999	90754	ALPER, MIKE	L
1999	90759	DAVIDOFF, E MARTIN	L
1999	90790	BOHAN, RICHARD J	L
1999	90810	BANMILLER, GERARD M	L
1999	90840	DISTEFANO, GERARD J	L
1999	90848	BUDZASH, JOHN L	L
1999	90853	RICCARDELLA, ROBERT	L
1999	90872	BITTNER, MARY DARCY	L
1999	90890	DOMBROWSKI, ROBERT	L
1999	90925	DESEVO, ALEX R	L
1999	977	ASSEMBLY REPUBLICAN MAJORITY OF NEW JERSEY	
1999	978	DORIA DEMOCRATIC LEADERSHIP FUND OF NEW JERSEY	
1999	979	NEW JERSEY DEMOCRATIC PARTY	
1999	980	NEW JERSEY REPUBLICAN PARTY	
1999	981	SENATE DEMOCRATIC MAJORITY OF NEW JERSEY	
1999	982	SENATE PRESIDENTS CMTE OF NEW JERSEY	
2001	11267	ARNONE, MICHAEL J	W
2001	11325	AZZOLINA, JOE	W
2001	11354	BAER, BYRON M	W
2001	11358	BAGGER, RICHARD H	W
2001	11636	BENNETT, JOHN O	W
2001	120	ASSEMBLY REPUBLICAN MAJORITY OF NEW JERSEY	
2001	121	SENATE PRESIDENTS CMTE OF NEW JERSEY	
2001	122	NEW JERSEY DEMOCRATIC PARTY	
2001	12297	CAFIERO, JAMES S	W
2001	123	DORIA DEMOCRATIC LEADERSHIP FUND OF NEW JERSEY	
2001	12423	CARLAMERE, DAVID F	L
2001	12586	CHARLES JR, JOSEPH	W
2001	12799	COLEMAN, BONNIE WATSON	W
2001	12856	CONNORS JR, LEONARD T	W
2001	12871	COOK, FREDERICK P	L
2001	12949	COTTRELL, MELVIN	W
2001	13007	CRECCO, MARION	L
2001	13275	DELVECCHIO, FRANK	L
2001	13376	DIGAETANO, PAUL	W
2001	13556	EAGLER, PETER C	W
2001	13771	FARRAGHER, CLARE M	W
2001	13799	FELICE, NICHOLAS R	L
2001	13816	FERNANDEZ, SYLVESTER	L
2001	139222	ZANE, RAYMOND J	L
2001	139248	ZECKER, GERALD H	L
2001	14050	FRISCIA, ARLINE	W
2001	14081	FURNARI, GARRY J	W
2001	14175	GARRETT, SCOTT	W
2001	14213	GEIST, GEORGE F	W
2001	14259	GIBSON, JOHN C	L
2001	14344	GOFF, J REBECCA	L
2001	14546	GUARINO, ELAINE L	L
2001	14551	GUEAR SR, GARY L	W
2001	14890	HECK, ROSE MARIE	W
2001	15301	IMPREVEDUTO, ANTHONY	W
2001	15751	KELLY, JOHN V	L
2001	15785	KENNY JR, BERNARD F	W
2001	15972	KOSCO, LOUIS F	L
2001	15987	KRAMER, PAUL R	L
2001	16539	MACCORMACK, FRANK	L
2001	16750	MATHEUSSEN, JOHN J	W
2001	16922	MCGREEVEY, JAMES E	W
2001	17333	MORAN, JEFFREY W	W
2001	17397	MOSKAL, STANLEY J	L
2001	17502	MYERS, CONNIE	W
2001	17882	PALMIERI, THOMAS E	L
2001	18	KYRILLOS JR, JOSEPH	W
2001	18035	PEREZ-CINCIARELLI, ELBA	W
2001	18260	PREVITE, MARY T	W
2001	18480	REILLY, JIM	L
2001	18514	RHUDY, PHILLIP S	L
2001	18629	ROBERTSON, NORMAN M	L
2001	19018	SCHUNDLER, BRET	L
2001	19085	SELBY, EDWIN	L
2001	19209	SHORE, MURIEL M	L
2001	19395	SMITH, ROBERT J	W
2001	19406	SMITH, TOM S	W
2001	19727	SULIGA, JOSEPH S	W
2001	19813	TALARICO, GUY F	L
2001	20141	TUCKER, DONALD	W
2001	20236	VAN HOUTEN, NORMAN J	L
2001	2076	BLEE, FRANK	W
2001	2078	GREENWALD, LOUIS D	W
2001	2086	ALLEN, DIANE	W
2001	2087	GUSCIORA, REED	W
2001	2089	WISNIEWSKI, JOHN S	W
2001	2090	CARABALLO, WILFREDO	W
2001	2091	STANLEY, CRAIG A	W
2001	2092	STEELE, ALFRED E	W
2001	20931	WRIGHT, BARBARA	L
2001	2121	OTOOLE, KEVIN J	W
2001	2123	CARROLL, MICHAEL PATRICK	W
2001	2757	SENATE REPUBLICAN MAJORITY OF NEW JERSEY	
2001	3111	POU, NELLIE	W
2001	3124	CHATZIDAKIS, LARRY	W
2001	3738	DOHERTY, MIKE	W
2001	3739	SIRES, ALBIO	W
2001	3740	GREENSTEIN, LINDA R	W
2001	3741	BURZICHELLI, JOHN J	W
2001	3742	JAMES, SHARPE	W
2001	3968	VAN DREW, JEFF	W
2001	3969	CONAWAY MD, HERB	W
2001	3970	VITALE, JOSEPH F	W
2001	3972	THOMPSON, SAMUEL D	W
2001	3974	BIONDI, PETER J	W
2001	3975	PAYNE, WILLIAM D	W
2001	3976	MERKT, RICK A	W
2001	3982	CONNERS, JACK	W
2001	501	NEW JERSEY REPUBLICAN PARTY	
2001	502	SENATE DEMOCRATIC MAJORITY OF NEW JERSEY	
2001	613	PALAIA, JOSEPH A	W
2001	614	CARDINALE, S GERALD	W
2001	615	CIESLA, ANDREW R	W
2001	616	MARTIN, ROBERT J	W
2001	617	LITTELL, ROBERT E	W
2001	618	ADLER, JOHN H	W
2001	619	CODEY, RICHARD J	W
2001	621	RICE, RONALD L	W
2001	623	CONNORS, CHRISTOPHER J	W
2001	624	VANDERVALK, CHARLOTTE	W
2001	625	DECROCE, ALEX	W
2001	626	CORODEMUS, STEVEN J	W
2001	627	BATEMAN, CHRISTOPHER S (KIP)	W
2001	628	KAVANAUGH, WALTER J	W
2001	629	DORIA JR, JOSEPH V	W
2001	630	SMITH, BOB	W
2001	631	ROBERTS, JOE	W
2001	632	WEINBERG, LORETTA	W
2001	633	COHEN, NEIL M	W
2001	6394	KEAN JR, THOMAS H	W
2001	729	ASSELTA, NICHOLAS	W
2001	746	BODINE, FRANCIS L	W
2001	747	BRYANT, WAYNE R	W
2001	748	BUCCO, ANTHONY R	W
2001	749	BUONO, BARBARA	W
2001	750	BARK, MARTHA W	W
2001	751	GILL, NIA H	W
2001	752	GREEN, JERRY	W
2001	753	GREGG, GUY R	W
2001	754	HOLZAPFEL, JAMES W	W
2001	755	MALONE III, JOSEPH R	W
2001	756	LANCE, LEONARD	W
2001	757	QUIGLEY, JOAN	W
2001	758	ROONEY, JOHN	W
2001	759	RUSSO, DAVID C	W
2001	760	TURNER, SHIRLEY K	W
2001	761	WOLFE, DAVID W	W
2001	762	GIRGENTI, JOHN A	W
2001	7624	CONIGLIO, JOSEPH	W
2001	7625	EGAN, JOSEPH V	W
2001	7626	FISHER, DOUGLAS H	W
2001	7627	PENNACCHIO, JOSEPH	W
2001	7628	STENDER, LINDA	W
2001	763	GORMLEY, WILLIAM	W
2001	7630	KARROW, MARCIA A	L
2001	7631	MCKEON, JOHN F	W
2001	7632	HACKETT JR, MIMS	W
2001	7633	CHIVUKULA, UPENDRA J	W
2001	7634	DIEGNAN JR, PATRICK	W
2001	7635	JOHNSON, GORDON M	W
2001	7636	SWEENEY, STEPHEN M	W
2001	7637	CRYAN, JOSEPH	W
2001	7638	MUNOZ, DR ERIC	W
2001	7639	SARLO, PAUL	W
2001	764	INVERSO, PETER A	W
2001	765	LESNIAK, RAYMOND J	W
2001	766	MCNAMARA, HENRY P	W
2001	767	SACCO, NICHOLAS J	W
2001	768	SINGER, ROBERT W	W
2001	769	CRUZ-PEREZ, NILSA	W
2001	8095	BARNES JR, PETER J	W
2001	90050	AHEARN, MATT	W
2001	90060	DESMOND, JOHN P	L
2001	90061	DIFRANCESCO, DONALD T	W
2001	90062	DONELLY, NORBERT E	L
2001	90065	FRAGUELA, RAFAEL J	W
2001	90096	SCHLUTER, BILL	L
2001	90100	STEINBERG, ELLEN	L
2001	90109	LEONARD, RICHARD N	L
2001	90114	KURDOCK, DONNA	L
2001	90146	CARR, MIKE	L
2001	90172	KING, MIKE	L
2001	90176	KONOPKA, TIMOTHY J	L
2001	90198	DELGADO, BILLY E	L
2001	90201	SPERA, GABE	L
2001	90243	MANGANELLO, JOSEPH L	L
2001	90250	GALLAGHER, LOU	L
2001	90256	GATRIA, ESTHER	L
2001	90259	FRITZ, MICHAEL A	L
2001	90266	FUREY, JOHN	L
2001	90272	GIDWANI, NARESH G (NICK)	L
2001	90290	FAUNTLEROY, DIANNA W	L
2001	90296	FACEMYER, MICHAEL H	L
2001	90301	EQUIPADO, ADOR L	L
2001	90311	FRANKS, BOB	L
2001	90329	HUGHES JR, WILLIAM J	L
2001	90342	FORD, JAMES	L
2001	90344	JARDIM, TOM	L
2001	90347	JENKINS, SHERIE Y	L
2001	90348	JERSEY, IRA F	L
2001	90351	HUTCHINS, JAY CURTIS	L
2001	90401	STURMFELS, LYLE M (PEGGI)	L
2001	90411	STRUBEN, CHRISTOPHER F	L
2001	90432	TEMPESTA, JOSEPH	L
2001	90439	SILVERMAN, JARED	L
2001	90448	JASPAN, ROBERT	L
2001	90463	CASTEN, KIMBERLEY	L
2001	90467	HUNT, RICHARD	L
2001	90484	WALSH, PATRICIA	L
2001	90487	WARGACKI, WALTER G	L
2001	90488	WARTENBERG, DANIEL	L
2001	90497	HITTNER, DIANE	L
2001	90516	SEBOLD, PATRICIA	L
2001	90520	HERN, J BROOKE	L
2001	90531	FOOHEY, JAMES K	L
2001	90551	PATNAUDE, SUZANNE	L
2001	90554	OROURKE, MAUREEN	L
2001	90615	NIGRO, JOHN (JACK)	L
2001	90617	ROONEY, JOHN P	L
2001	90622	RYAN, TIMOTHY E	L
2001	90637	SCERNI, FRED	L
2001	90648	SANGSTER, M MOSES	L
2001	90657	CITO, JOHN G	L
2001	90670	RAICH, JOSEPH	L
2001	90688	RIVAS, ROBERT C	L
2001	90691	DEFALCO, PHILIP	L
2001	90700	CHAMBERLAIN, HORACE	L
2001	90716	CAMPBELL, MILTON	L
2001	90717	CALLAHAN, MARYANN T	L
2001	90729	CASSELLA, JAMES L	L
2001	90732	CAVANAUGH, LINDA LORDI	L
2001	90739	CART, MARGARITA	L
2001	90740	DAMATO, PAUL R	W
2001	90753	STEELE, MICHAEL G	L
2001	90762	DE RONCERAY, JUDE	L
2001	90765	GOODE, WARREN	L
2001	90797	AUGHENBAUGH, AMY I	L
2001	90798	BASKIN, ALAN	L
2001	90807	BAKELAAR, DONNA	L
2001	90821	ESPOSITO, NATALIE R	L
2001	90839	BRODERICK, MICHAEL L	L
2001	90842	BRANCH SR, TOM	L
2001	90843	PINNEY, PAUL E	L
2001	90851	DESAI, KIRAN	L
2001	90857	BROWN, WILLIE B	L
2001	90867	GREENFOGEL, JANE A	L
2001	90877	BIVIANO, LANE J	L
2001	90893	DESIVIERES, DANIEL	L
2001	90919	JONES-ROMERO, DOUGLAS	L
2001	90928	EDGERTON, MARK	L
2001	90930	EDWARDS III, WILLIS	W
2003	11051	ADOLF, JOSEPH A	L
2003	11074	ALBERT, NORMAN W	L
2003	11267	ARNONE, MICHAEL J	L
2003	11325	AZZOLINA, JOE	W
2003	11354	BAER, BYRON M	W
2003	11482	BARRIER, CATHERINE J	L
2003	11636	BENNETT, JOHN O	L
2003	12293	CABANA, DOUGLAS R	L
2003	12799	COLEMAN, BONNIE WATSON	W
2003	12856	CONNORS JR, LEONARD T	W
2003	12861	CONOVER, KIRK	W
2003	12871	COOK, FREDERICK P	L
2003	12955	COULTER, DOLORES J	L
2003	13376	DIGAETANO, PAUL	W
2003	1338	CLEAN & GREEN COALITION	
2003	1339	NEW JERSEY WATER RESOURCES SAFETY COUNCIL	
2003	13556	EAGLER, PETER C	W
2003	13771	FARRAGHER, CLARE M	L
2003	139222	ZANE, RAYMOND J	W
2003	14050	FRISCIA, ARLINE	L
2003	14213	GEIST, GEORGE F	L
2003	14259	GIBSON, JOHN C	W
2003	14304	GINTY, JOHN P	L
2003	14551	GUEAR SR, GARY L	L
2003	14571	GURENLIAN, JOANN R	L
2003	14802	HARTMAN, DONALD	L
2003	14890	HECK, ROSE MARIE	L
2003	15301	IMPREVEDUTO, ANTHONY	W
2003	15309	INZERILLO, LEONARD	L
2003	15579	JONES JR, LEROY J	L
2003	15751	KELLY, JOHN V	L
2003	15785	KENNY JR, BERNARD F	W
2003	16061	LABOY, MARIA	L
2003	16539	MACCORMACK, FRANK	W
2003	16605	MALLET, AMY A	L
2003	17348	MORGAN, ROBERT	W
2003	17356	MORLINO, STEVEN	L
2003	17502	MYERS, CONNIE	W
2003	17659	NOZZA, DANIEL M	L
2003	18	KYRILLOS JR, JOSEPH M	W
2003	18035	PEREZ-CINCIARELLI, ELBA	L
2003	18260	PREVITE, MARY T	W
2003	18514	RHUDY, PHILLIP S	L
2003	19209	SHORE, MURIEL M	W
2003	19395	SMITH, ROBERT	W
2003	19727	SULIGA, JOSEPH S	W
2003	20141	TUCKER, DONALD	W
2003	2076	BLEE, FRANK	W
2003	2078	GREENWALD, LOUIS D	W
2003	2086	ALLEN, DIANE	W
2003	2087	GUSCIORA, REED	W
2003	2089	WISNIEWSKI, JOHN S	W
2003	2090	CARABALLO, WILFREDO	W
2003	2091	STANLEY, CRAIG A	W
2003	2092	STEELE, ALFRED	W
2003	2121	OTOOLE, KEVIN J	W
2003	2123	CARROLL, MICHAEL P	W
2003	281	ASSEMBLY REPUBLICAN MAJORITY OF NEW JERSEY	
2003	282	NEW JERSEY DEMOCRATIC PARTY	
2003	283	SENATE DEMOCRATIC MAJORITY OF NEW JERSEY	
2003	3111	POU, NELLIE	W
2003	3124	CHATZIDAKIS, LARRY	W
2003	3738	DOHERTY, MICHAEL J	W
2003	3739	SIRES, ALBIO	W
2003	3740	GREENSTEIN, LINDA R	W
2003	3741	BURZICHELLI, JOHN J	W
2003	3742	JAMES, SHARPE	W
2003	3968	VAN DREW, JEFF	W
2003	3969	CONAWAY, HERB	W
2003	3970	SENATE REPUBLICAN MAJORITY OF NEW JERSEY	
2003	3970	VITALE, JOSEPH F	W
2003	3972	THOMPSON, SAMUEL D	W
2003	3974	BIONDI, PETE	W
2003	3975	PAYNE, WILLIAM D	W
2003	3976	MERKT, RICK	W
2003	3982	CONNERS, JACK	W
2003	503	NEW JERSEY REPUBLICAN PARTY	
2003	613	PALAIA, JOSEPH A	W
2003	614	CARDINALE, GERALD	W
2003	615	CIESLA, ANDREW R	W
2003	616	MARTIN, ROBERT J	W
2003	617	LITTELL, ROBERT E	W
2003	618	ADLER, JOHN H	W
2003	619	CODEY, RICHARD J	W
2003	621	RICE, RONALD L	W
2003	623	CONNORS, CHRISTOPHER J	W
2003	624	VANDERVALK, CHARLOTTE	W
2003	625	DECROCE, ALEX	W
2003	626	CORODEMUS, STEVE	W
2003	627	BATEMAN, CHRISTOPHER (KIP)	W
2003	628	KAVANAUGH, WALTER	W
2003	629	DORIA, JOSEPH V	L
2003	630	SMITH, BOB	W
2003	631	ROBERTS, JOE	W
2003	632	WEINBERG, LORETTA	W
2003	633	COHEN, NEIL M	W
2003	6381	SCUTARI, NICHOLAS P	W
2003	6382	KEAN, SEAN	W
2003	6383	MAYER, DAVID R	W
2003	6385	PANTER, MICHAEL	W
2003	6386	DANCER, RONALD S	W
2003	6387	SMITH, L HARVEY	L
2003	6388	VAS, JOSEPH	W
2003	6389	MANZO, LOUIS	W
2003	6390	MCHOSE, ALISON LITTELL	W
2003	6391	BARONI, BILL	W
2003	6392	RUMPF, BRIAN E	W
2003	6393	SCALERA, FREDERICK	W
2003	6394	KEAN JR, THOMAS H	W
2003	6396	GORDON, ROBERT M	W
2003	6397	WEBBER, JAY	L
2003	6398	CHIAPPONE, ANTHONY	W
2003	6399	MADDEN, FRED	W
2003	6400	VOSS, JOAN	W
2003	6401	STACK, BRIAN P	W
2003	6402	BRAMNICK, JON	W
2003	6403	KARCHER, ELLEN	W
2003	729	ASSELTA, NICHOLAS	W
2003	746	BODINE, FRANCIS L	W
2003	747	BRYANT, WAYNE R	W
2003	748	BUCCO, ANTHONY R	W
2003	749	BUONO, BARBARA	W
2003	750	BARK, MARTHA W	W
2003	751	GILL, NIA H	W
2003	752	GREEN, JERRY	W
2003	753	GREGG, GUY R	W
2003	754	HOLZAPFEL, JIM	W
2003	755	MALONE, JOSEPH R	W
2003	756	LANCE, LEONARD	W
2003	757	QUIGLEY, JOAN	W
2003	758	ROONEY, JOHN E	W
2003	759	RUSSO, DAVID C	W
2003	760	TURNER, SHIRLEY K	W
2003	761	WOLFE, DAVID W	W
2003	762	GIRGENTI, JOHN A	W
2003	7624	CONIGLIO, JOSEPH	W
2003	7625	EGAN, JOSEPH V	W
2003	7626	FISHER, DOUGLAS H	W
2003	7627	PENNACCHIO, JOSEPH	W
2003	7628	STENDER, LINDA	W
2003	7629	OLIVER, SHEILA Y	W
2003	763	GORMLEY, WILLIAM L	W
2003	7631	MCKEON, JOHN F	W
2003	7632	HACKETT JR, MIMS	W
2003	7633	CHIVUKULA, UPENDRA	W
2003	7634	DIEGNAN JR, PATRICK J	W
2003	7635	JOHNSON, GORDON M	W
2003	7636	SWEENEY, STEPHEN M	W
2003	7637	CRYAN, JOSEPH	W
2003	7638	MUNOZ, ERIC	W
2003	7639	SARLO, PAUL A	W
2003	764	INVERSO, PETER	W
2003	765	LESNIAK, RAYMOND J	W
2003	766	MCNAMARA, HENRY P	W
2003	767	SACCO, NICHOLAS J	W
2003	768	SINGER, ROBERT W	W
2003	769	CRUZ-PEREZ, NILSA I	W
2003	8095	BARNES JR, PETER J	W
2003	90050	AHEARN, MATT	L
2003	90058	DANIELCZYK, PAUL (DANIELS)	L
2003	90063	FLYNN, WILLIAM E	L
2003	90065	FRAGUELA, RAFAEL	L
2003	90068	GEMMA, GORDON N	L
2003	90081	MARKS, MARTIN	L
2003	90086	PEZZULLO, RICHARD J	L
2003	90087	PHELAN, THOMAS A	L
2003	90090	PRICE, THOMAS J	L
2003	90091	QUINTANA, LUIS A	L
2003	90100	STEINBERG, ELLEN	L
2003	90101	TERRANOVA, PETER A	L
2003	90102	WOODROW, CHARLES	L
2003	90106	MATREYEK, GEORGE	L
2003	90117	LA ROSA, BETTY	L
2003	90129	LOFFREDO, JOHN	L
2003	90140	KARASZEGI JR, IMRE	L
2003	90157	JONES, BERESFORD	L
2003	90163	MONTEIRO, A TONY	L
2003	90168	GRISANTI, JOSEPH D	L
2003	90183	MCINTYRE, FRANCIS D	L
2003	90189	BROWN, THERESA D	W
2003	90199	SELK, MELANIE	L
2003	90207	THURING, ROBERT D	L
2003	90228	MACINNES, BLAIR B	L
2003	90229	DOUGHERTY, PATRICK M	L
2003	90280	GAUNT, JANE BIDWELL	L
2003	90302	ESCANDON, PAUL X	L
2003	90315	FENICHEL, STEVEN	L
2003	90372	MILITELLO, VINCENT J	L
2003	90387	HAYTAIAN, CHUCK	L
2003	90416	VIALL JR, PAUL G	L
2003	90418	EL, ALI SLOAN	L
2003	90420	SOLARZ, KENNETH	L
2003	90426	SWIFT, TOM	L
2003	90431	TEDESCO JR, LOUIS A	L
2003	90433	GABRIEL, DIANE F	L
2003	90456	SORANTINO, DOUGLAS	L
2003	90464	AMIN, JASAL	L
2003	90466	SMITH, BRIAN D	L
2003	90486	MUTI, RICHARD	L
2003	90490	ZELANTE, THOMAS A	L
2003	90504	ADDISON, DONALD	L
2003	90507	TOMANELLI, JOSEPH	L
2003	90511	TWERSKY-GLASNER, AVIVA	L
2003	90515	EGE, CYNTHIA L	L
2003	90517	TRAWINSKI, ED	L
2003	90521	TRONCONE, MARK	L
2003	90527	BESTWICK, SUSAN	L
2003	90538	RYAN, HELEN	L
2003	90539	MCCROSSON JR, ANDREW J	L
2003	90553	ORBACH, JEFFREY M	L
2003	90558	OTTO, MARK	L
2003	90567	PLECHNER, RICHARD F	L
2003	90572	PERRY, THOMAS	L
2003	90574	PEREDO, PHILIP	L
2003	90576	PICKNEY, DAVID HENRY	L
2003	90577	DINARDO, ELISE	L
2003	90587	MURPHY, PEGGY	L
2003	90588	MUNOZ, JOSE C	L
2003	90597	FARIAS, VINCENT R	W
2003	90600	OHAGAN, PETER J	L
2003	90633	SWIFT, STEPHEN P	L
2003	90644	SCHAINHOLZ, JAY D	L
2003	90668	CARRANZA, ARISTO	L
2003	90673	MCKEON, BRIAN	L
2003	90680	ROGERS, MATT	L
2003	90696	CHRISTIANSEN, BRYAN	W
2003	90704	MORTIMER, DAVID M	L
2003	90709	DAMATO JR, AMADEO	W
2003	90712	UNGER, BRIAN	L
2003	90714	DERIENZO, JOHN DEAN	L
2003	90730	GRANT, DANIEL L	L
2003	90737	CASERTA, PATRICK J	L
2003	90747	CUNNINGHAM, GLENN D	W
2003	90751	BALTIMORE, HELYN P	L
2003	90758	DAVIS, CHARLES (CHUCK)	L
2003	90766	DOLOBOWSKY, MITCHEL	L
2003	90775	KURSON, KENNETH	L
2003	90784	COOPER, ALISA	L
2003	90804	BARRY JR, JAMES J	L
2003	90815	CIMINO, ANTHONY J (SKIP)	L
2003	90820	ABAZIA, DESMOND	L
2003	90826	ALTAMURO, STEPHEN	L
2003	90832	MITCHELL, SIDNA B	L
2003	90834	SOLOMON, J HOWARD	L
2003	90838	BRADLEY, MICHAEL	L
2003	90860	FIERRO, LAURIE	L
2003	90864	BENNETT, BOBBI JOAN	L
2003	90875	BLANEY, JAMES M	L
2003	90885	HONIG, BARRY S	L
2003	90910	DILASCIO, RICHARD J	L
2003	90915	TROAST, DAVID R	L
2003	90927	DEL VECCHIO JR, KENNETH N	L
2003	956	NEW DEMOCRATIC ASSEMBLY LEADERSHIP PAC OF NEW JERSEY	
2005	11325	AZZOLINA, JOSEPH	L
2005	11354	BAER, BYRON M	
2005	1139	ASSEMBLY REPUBLICAN VICTORY OF NEW JERSEY	
2005	1140	NEW DEMOCRATIC ASSEMBLY LEADERSHIP PAC OF NEW JERSEY	
2005	1141	NEW JERSEY DEMOCRATIC PARTY	
2005	1142	NEW JERSEY REPUBLICAN PARTY	
2005	1143	SENATE DEMOCRATIC MAJORITY OF NEW JERSEY	
2005	11482	BARRIER, CATHERINE J	L
2005	11663	BERGEN, BRUCE	L
2005	12665	CIFARELLI, FRANK J	L
2005	12799	WATSON COLEMAN, BONNIE	W
2005	12856	CONNORS, LEONARD T	
2005	12861	CONOVER, KIRK W	L
2005	13376	DIGAETANO, PAUL	L
2005	13384	DIMAIO, JOHN	L
2005	13681	EPSTEIN, DANIEL	L
2005	14259	GIBSON, JOHN C	L
2005	14304	GINTY, JOHN P	L
2005	14571	GURENLIAN, JOANN R	L
2005	15309	INZERILLO, LEONARD L	L
2005	15785	KENNY, BERNARD F	
2005	16415	LONEGAN, STEVEN M	L
2005	1740	SENATE REPUBLICAN MAJORITY OF NEW JERSEY	
2005	17531	NATHOO, SALIM A	L
2005	18	KYRILLOS, JOSEPH M	
2005	18389	RANKIN, JERMAINE	L
2005	18480	REILLY, JIM	L
2005	18514	RHUDY, PHILLIP S	L
2005	19018	SCHUNDLER, BRET D	L
2005	19095	SERAFIN, STAN	L
2005	20141	TUCKER, DONALD	W
2005	2076	BLEE, FRANK	W
2005	20776	WILLIAMSON, JEFFREY	L
2005	2078	GREENWALD, LOUIS D	W
2005	2086	ALLEN, DIANE B	
2005	2087	GUSCIORA, REED	W
2005	2089	WISNIEWSKI, JOHN S	W
2005	2090	CARABALLO, WILFREDO	W
2005	2091	STANLEY, CRAIG A	W
2005	2092	STEELE, ALFRED	W
2005	2121	OTOOLE, KEVIN J	W
2005	2123	CARROLL, MICHAEL P	W
2005	2225	12TH DISTRICT GREENS	
2005	2227	15TH DISTRICT DEMOCRATS	
2005	2228	22ND DISTRICT DEMOCRATS	
2005	2230	7TH DISTRICT REPUBLICANS	
2005	2231	8TH DISTRICT REPUBLICANS	
2005	2232	ALOIA & SANDOVAL BRACKET	
2005	2233	BALDINO & MILLER BRACKET	
2005	2234	BATEMAN & BIONDI BRACKET	
2005	2235	BECK & OSCANLON BRACKET	
2005	2236	BIDWELL & BEATTIE BRACKET	
2005	2237	BLEE & CONOVER BRACKET	
2005	2239	BURZICHELLI & FISHER BRACKET	
2005	2240	CHIAPPONE & AYALA BRACKET	
2005	2241	CONNERS & CONAWAY BRACKET	
2005	2242	CONNORS & RUMPF BRACKET	
2005	2243	COULTER & DEN UYL BRACKET	
2005	2244	CRYAN & COHEN BRACKET	
2005	2245	DISTRICT 36 DEMOCRATS 2005	
2005	2247	FLYNN & DASARO BRACKET	
2005	2248	GABBERT & HERING BRACKET	
2005	2249	GOLDBERG & EADER BRACKET	
2005	2250	GORDON & VOSS BRACKET	
2005	2251	GREEN & STENDER BRACKET	
2005	2252	GREENSTEIN & BENSON BRACKET	
2005	2253	GURENLIAN & FLEISCHNER BRACKET	
2005	2254	HARTMAN & WEINSTEIN BRACKET	
2005	2255	HIGGINS & TESTA BRACKET	
2005	2257	JONES & JONES BRACKET	
2005	2259	LONGENHAGEN & ORTEGA BRACKET	
2005	2260	MALONE & DANCER BRACKET	
2005	2261	MANZO & EPPS BRACKET	
2005	2262	MAYER & MORIARTY BRACKET	
2005	2264	MORGAN & PANTER BRACKET	
2005	2265	MURPHY & BOYLE BRACKET	
2005	2268	REILLY & DOHERTY BRACKET	
2005	2269	RHUDY & ZEE BRACKET	
2005	2271	VAN DREW & ALBANO BRACKET	
2005	2272	WEINBERG & JOHNSON BRACKET	
2005	2273	WHELAN & TYNER BRACKET	
2005	3111	POU, NELLIE	W
2005	3124	CHATZIDAKIS, LARRY	W
2005	3738	DOHERTY, MICHAEL J	W
2005	3739	SIRES, ALBIO	W
2005	3740	GREENSTEIN, LINDA R	W
2005	3741	BURZICHELLI, JOHN	W
2005	3742	JAMES, SHARPE	
2005	3968	VAN DREW, JEFF	W
2005	3969	CONAWAY, HERB	W
2005	3970	VITALE, JOSEPH F	
2005	3971	HUTTLE, VALERIE VAINIERI	W
2005	3972	THOMPSON, SAMUEL D	W
2005	3974	BIONDI, PETE	W
2005	3975	PAYNE, WILLIAM D	W
2005	3976	MERKT, RICHARD A	W
2005	3982	CONNERS, JACK	W
2005	613	PALAIA, JOSEPH A	
2005	614	CARDINALE, GERALD	
2005	615	CIESLA, ANDREW R	
2005	616	MARTIN, ROBERT J	
2005	617	LITTELL, ROBERT E	
2005	618	ADLER, JOHN H	
2005	619	CODEY, RICHARD J	
2005	621	RICE, RONALD L	
2005	624	VANDERVALK, CHARLOTTE	W
2005	625	DECROCE, ALEX	W
2005	626	CORODEMUS, STEVE	W
2005	627	BATEMAN, CHRISTOPHER (KIP)	W
2005	628	KAVANAUGH, WALTER J	
2005	629	DORIA, JOSEPH V	
2005	630	SMITH, BOB	
2005	631	ROBERTS, JOE	W
2005	633	COHEN, NEIL M	W
2005	6381	SCUTARI, NICHOLAS P	
2005	6382	KEAN, SEAN	W
2005	6383	MAYER, DAVID R	W
2005	6384	PRIETO, VINCENT	W
2005	6386	DANCER, RONALD S	W
2005	6388	VAS, JOSEPH	W
2005	6389	MANZO, LOUIS M	W
2005	6390	MCHOSE, ALISON LITTELL	W
2005	6391	BARONI, BILL	W
2005	6393	SCALERA, FREDERICK	W
2005	6394	KEAN, THOMAS H	
2005	6395	CORZINE, JON S	W
2005	6396	GORDON, ROBERT M	W
2005	6399	MADDEN, FRED H	
2005	6400	VOSS, JOAN M	W
2005	6401	STACK, BRIAN P	W
2005	6402	BRAMNICK, JON	W
2005	6403	KARCHER, ELLEN	
2005	729	ASSELTA, NICHOLAS	
2005	746	BODINE, FRANCIS L	W
2005	747	BRYANT, WAYNE R	
2005	748	BUCCO, ANTHONY R	
2005	749	BUONO, BARBARA	
2005	750	BARK, MARTHA W	
2005	751	GILL, NIA H	
2005	752	GREEN, JERRY	W
2005	753	GREGG, GUY R	W
2005	754	HOLZAPFEL, JIM	W
2005	755	MALONE III, JOSEPH R	W
2005	756	LANCE, LEONARD	
2005	757	QUIGLEY, JOAN	W
2005	758	ROONEY, JOHN E	W
2005	759	RUSSO, DAVID C	W
2005	760	TURNER, SHIRLEY K	
2005	761	WOLFE, DAVID W	W
2005	762	GIRGENTI, JOHN A	
2005	7624	CONIGLIO, JOSEPH	
2005	7625	EGAN, JOSEPH V	W
2005	7626	FISHER, DOUGLAS H	W
2005	7627	PENNACCHIO, JOE	W
2005	7628	STENDER, LINDA	W
2005	7629	OLIVER, SHEILA Y	W
2005	763	GORMLEY, WILLIAM L	
2005	7630	KARROW, MARCIA A	W
2005	7631	MCKEON, JOHN F	W
2005	7632	HACKETT JR, MIMS	W
2005	7633	CHIVUKULA, UPENDRA J	W
2005	7634	DIEGNAN JR, PATRICK J	W
2005	7635	JOHNSON, GORDON M	W
2005	7636	SWEENEY, STEPHEN M	
2005	7637	CRYAN, JOSEPH	W
2005	7638	MUNOZ, ERIC	W
2005	7639	SARLO, PAUL A	
2005	764	INVERSO, PETER A	
2005	765	LESNIAK, RAYMOND J	
2005	766	MCNAMARA, HENRY P	
2005	767	SACCO, NICHOLAS J	
2005	768	SINGER, ROBERT W	
2005	769	CRUZ-PEREZ, NILSA I	W
2005	7970	EPPS JR, CHARLES T	W
2005	8005	LAMPITT, PAMELA ROSEN	W
2005	8006	BECK, JENNIFER	W
2005	8007	GIBLIN, THOMAS P	W
2005	8018	OSCANLON JR, DECLAN	L
2005	8019	HANDLIN, AMY	W
2005	8090	SCHAER, GARY	W
2005	8095	BARNES JR, PETER J	W
2005	90053	BROWN III, CHAUNCEY I	L
2005	90054	CALIGUIRE, TODD	L
2005	90063	FLYNN, WILLIAM E	L
2005	90087	PHELAN, THOMAS A	L
2005	90097	SCHROEDER, ROBERT	L
2005	90108	VALDES, RICHARD	L
2005	90132	LEONE, JOHN	L
2005	90145	FUZO, FRANK J	L
2005	90162	KOVACH, JANICE L	L
2005	90165	KRAKOWER, MARVIN	L
2005	90210	MERMAN, STEVEN	L
2005	90219	MALOOL, NANCY	L
2005	90227	WAGNER-GLASER, SUSAN L	L
2005	90245	MARANO, KENNETH C	L
2005	90265	GABBERT, KENNETH A	L
2005	90305	FLEISCHNER, MARC	L
2005	90313	FORRESTER, DOUG	L
2005	90359	JACKSON, THOMAS	L
2005	90378	PETERSEN, CHRISTINE	L
2005	90403	BALDINO, JOHN J	L
2005	90442	PAQUETTE, MICHAEL D	L
2005	90454	SMITH, GARRETT	L
2005	90474	LATIGONA, MICHAEL	L
2005	90491	EDWARDS, CHARLES	W
2005	90500	WHITE, JOHN J	L
2005	90503	WINTERS, FRANK	L
2005	90546	LYNCH-MCCABE, KATHLEEN	L
2005	90552	PAWLOWSKI, JEFFREY	L
2005	90580	MILLER, RICHARD L	L
2005	90610	MURPHY, JOHN	L
2005	90641	SCHINDLER, JANICE	L
2005	90647	SANDOVAL, JOSE M	L
2005	90728	CASTILLO, HECTOR L	L
2005	90752	HART, AVERY	L
2005	90833	ALOIA, LOUIS G	L
2005	90835	AHART, COREY	L
2005	90845	PECK, MARK	L
2005	90861	BELL, WESLEY K (WES)	L
2005	90863	BENSON, DANIEL R	L
2005	90886	KAUTSCH, STEWART	L
2005	90918	DOHERTY, MATT	L
2007	12126	BROWN, ROBERT (BOB)	L
2007	12665	CIFARELLI, FRANK J	L
2007	12799	WATSON COLEMAN, BONNIE	W
2007	13391	DIORIO, DONALD E	L
2007	13436	DONOHUE, MICHAEL J	L
2007	1419590	BARNES III, PETER J	W
2007	15309	INZERILLO, LEONARD L	L
2007	16605	MALLET, AMY	L
2007	16644	MAREK, WAYNE	L
2007	17104	MEYEROWITZ, MARK	L
2007	17159	MILLER, JOANNE	L
2007	17356	MORLINO, STEVEN	L
2007	17811	ORTEGA, REYES	L
2007	18	KYRILLOS JR, JOE	W
2007	18157	PIO COSTA, CARMEN	L
2007	19085	SELBY, EDWIN C	L
2007	19238	SIEMASZKIEWICZ, WOJCIECH J	L
2007	19272	SINAGRA, JOSEPH	L
2007	20776	WILLIAMSON, JEFFREY	L
2007	2078	GREENWALD, LOUIS D	W
2007	2086	ALLEN, DIANE	W
2007	2087	GUSCIORA, REED	W
2007	2089	WISNIEWSKI, JOHN S	W
2007	2090	CARABALLO, WILFREDO	L
2007	2091	STANLEY, CRAIG A	L
2007	2092	STEELE, ALFRED E	W
2007	2121	OTOOLE, KEVIN J	W
2007	2123	CARROLL, MICHAEL PATRICK	W
2007	3033	ASSEMBLY REPUBLICAN VICTORY OF NEW JERSEY	
2007	3058	NEW JERSEY DEMOCRATIC ASSEMBLY CAMPAIGN CMTE	
2007	3068	SENATE REPUBLICAN MAJORITY OF NEW JERSEY	
2007	3111	POU, NELLIE	W
2007	3118	ADOLF GURENLIAN & MATTSON BRACKET	
2007	3119	ALLEN GRIFFIN & PROPP BRACKET	
2007	3120	AMODEO & POLISTINA BRACKET	
2007	3121	ARIYAN FLETCHER & MANNA BRACKET	
2007	3122	ASSELTA CLARK & DONOHUE BRACKET	
2007	3123	BARK BODINE & CHATZIDAKIS BRACKET	
2007	3124	BATEMAN BIONDI & COYLE BRACKET	
2007	3125	BEASLEY TUCKER & CAPUTO BRACKET	
2007	3126	BECK OSCANLON & CASAGRANDE BRACKET	
2007	3127	BIONDI & COYLE BRACKET	
2007	3128	BODINE RILEY & FIFIS BRACKET	
2007	3129	BROWN ENGLAND & SINAGRA BRACKET	
2007	3130	CALIGUIRE SCHWEIGHARDT & GINTY BRACKET	
2007	3131	CARDINALE ROONEY & VANDERVALK BRACKET	
2007	3132	CHILDRESS & BIANCO BRACKET	
2007	3133	CONNERS & CONAWAY BRACKET	
2007	3134	CONNORS CONNORS & RUMPF BRACKET	
2007	3135	CONNORS RUMPF & VAN PELT BRACKET	
2007	3136	DOHERTY & REILLY BRACKET	
2007	3137	GORDON VOSS & WAGNER BRACKET	
2007	3138	HAINES ADDIEGO & RUDDER BRACKET	
2007	3139	INZERILLO WALSH & BROWN BRACKET	
2007	3140	KAKLAMANIS & MARTINO BRACKET	
2007	3141	KEAN RIBLE & ANGELINI BRACKET	
2007	3142	LESNIAK COHEN & CRYAN BRACKET	
2007	3143	MADDEN MORIARTY & LOVE BRACKET	
2007	3144	MCCONNELL DESROCHERS & GATTO BRACKET	
2007	3145	MORLINO ATKINSON & WILLIAMSON BRACKET	
2007	3146	NAPOLITANI & PIRNAT BRACKET	
2007	3147	OTOOLE RUSSO & RUMANA BRACKET	
2007	3148	PANTER & MALLET BRACKET	
2007	3149	PANTER & MORGAN BRACKET	
2007	3150	RAMOS & RODRIGUEZ BRACKET	
2007	3151	RUIZ COUTINHO & SPENCER BRACKET	
2007	3152	SARLO SCALERA & SCHAER BRACKET	
2007	3153	SWEENEY BURZICHELLI & FISHER BRACKET	
2007	3154	TURNER GUSCIORA & WATSON COLEMAN BRACKET	
2007	3155	VAN DREW ALBANO & MILAM BRACKET	
2007	3156	WALSH & BROWN BRACKET	
2007	3157	WEINBERG JOHNSON & HUTTLE BRACKET	
2007	3158	WHELAN KUEHNER & SPELLMAN BRACKET	
2007	3159	WHELAN WILKINS & SPELLMAN BRACKET	
2007	3167	GORDON & VOSS BRACKET	
2007	3738	DOHERTY, MICHAEL J	W
2007	3740	GREENSTEIN, LINDA R	W
2007	3741	BURZICHELLI, JOHN J	W
2007	3960	NEW JERSEY DEMOCRATIC PARTY	
2007	3961	NEW JERSEY REPUBLICAN PARTY	
2007	3962	SENATE DEMOCRATIC MAJORITY OF NEW JERSEY	
2007	3968	VAN DREW, JEFF	W
2007	3969	CONAWAY, HERB	W
2007	3970	VITALE, JOSEPH F	W
2007	3971	VAINIERI HUTTLE, VALERIE	W
2007	3972	THOMPSON, SAMUEL	W
2007	3974	BIONDI, PETE	W
2007	3975	PAYNE, WILLIAM D	L
2007	3976	MERKT, RICK	W
2007	3982	CONNERS, JACK	W
2007	614	CARDINALE, S GERALD	W
2007	615	CIESLA, ANDREW R	W
2007	618	ADLER, JOHN H	W
2007	619	CODEY, RICHARD J	W
2007	621	RICE, RONALD L	W
2007	624	VANDERVALK, CHARLOTTE	W
2007	625	DECROCE, ALEX	W
2007	627	BATEMAN, CHRISTOPHER (KIP)	W
2007	630	SMITH, BOB	W
2007	631	ROBERTS, JOE	W
2007	632	WEINBERG, LORETTA	W
2007	633	COHEN, NEIL	W
2007	6381	SCUTARI, NICHOLAS P	W
2007	6382	KEAN, SEAN T	W
2007	6384	PRIETO, VINCENT	W
2007	6385	PANTER, MIKE	L
2007	6386	DANCER, RONALD S	W
2007	6387	SMITH, L HARVEY	W
2007	6388	VAS, JOSEPH	W
2007	6389	MANZO, LOUIS M	L
2007	6390	MCHOSE, ALISON LITTELL	W
2007	6391	BARONI, BILL	W
2007	6393	SCALERA, FREDERICK	W
2007	6394	KEAN JR, THOMAS H	W
2007	6395	CORZINE, JON S	
2007	6396	GORDON, ROBERT M	W
2007	6397	WEBBER, JAY	W
2007	6398	CHIAPPONE, ANTHONY	W
2007	6399	MADDEN, FRED	W
2007	6400	VOSS, JOAN M	W
2007	6401	STACK, BRIAN P	W
2007	6402	BRAMNICK, JON M	W
2007	6403	KARCHER, ELLEN	L
2007	729	ASSELTA, NICHOLAS	L
2007	746	BODINE, FRANCIS L	L
2007	748	BUCCO, ANTHONY	W
2007	749	BUONO, BARBARA	W
2007	751	GILL, NIA H	W
2007	752	GREEN, GERALD (JERRY)	W
2007	753	GREGG, GUY R	L
2007	754	HOLZAPFEL, JIM	W
2007	755	MALONE III, JOSEPH R	W
2007	756	LANCE, LEONARD	W
2007	757	QUIGLEY, JOAN M	W
2007	758	ROONEY, JOHN E	W
2007	759	RUSSO, DAVID C	W
2007	760	TURNER, SHIRLEY K	W
2007	761	WOLFE, DAVID W	W
2007	762	GIRGENTI, JOHN A	W
2007	7624	CONIGLIO, JOSEPH	W
2007	7625	EGAN, JOSFEPH V	W
2007	7626	FISHER, DOUGLAS H	W
2007	7627	PENNACCHIO, JOE	W
2007	7628	STENDER, LINDA A	W
2007	7629	OLIVER, SHEILA Y	W
2007	7630	KARROW, MARCIA A	W
2007	7631	MCKEON, JOHN F	W
2007	7632	HACKETT JR, MIMS	W
2007	7633	CHIVUKULA, UPENDRA	W
2007	7634	DIEGNAN JR, PATRICK J	W
2007	7635	JOHNSON, GORDON M	W
2007	7636	SWEENEY, STEPHEN M	W
2007	7637	CRYAN, JOSEPH	W
2007	7638	MUNOZ, ERIC	W
2007	7639	SARLO, PAUL A	W
2007	765	LESNIAK, RAYMOND J	W
2007	767	SACCO, NICHOLAS J	W
2007	768	SINGER, ROBERT W	W
2007	769	CRUZ-PEREZ, NILSA	W
2007	8003	WHELAN, JAMES	W
2007	8004	MORIARTY, PAUL D	W
2007	8005	LAMPITT, PAMELA R	W
2007	8006	BECK, JENNIFER	W
2007	8007	GIBLIN, THOMAS P	W
2007	8018	OSCANLON JR, DECLAN	W
2007	8019	HANDLIN, AMY H	W
2007	8090	SCHAER, GARY	W
2007	8980	POLISTINA, VINCE	W
2007	8981	AMODEO, JOHN F	W
2007	8982	REDD, DANA	W
2007	8983	HAINES, PHIL	W
2007	8984	LOVE, SANDRA	W
2007	8985	OROHO, STEVEN V	W
2007	8986	RUIZ, M TERESA	W
2007	8987	CUNNINGHAM, SANDRA BOLDEN	W
2007	8988	ADDIEGO, DAWN MARIE	W
2007	8989	RUDDER, SCOTT	W
2007	8990	VAN PELT, DANIEL M	W
2007	8991	RIBLE, DAVID P	W
2007	8992	ANGELINI, MARY PAT	W
2007	8993	CASAGRANDE, CAROLINE	W
2007	8994	DEANGELO, WAYNE P	W
2007	8995	COYLE, DENISE	W
2007	8996	CHIUSANO, GARY R	W
2007	8997	TUCKER, CLEOPATRA G	W
2007	8998	CAPUTO, RALPH R	W
2007	8999	SPENCER, L GRACE	W
2007	9003	RUMANA, SCOTT T	W
2007	90057	CRAGLE, RAY F	L
2007	90058	DANIELCZYK, PAUL (DANIELS)	L
2007	90091	QUINTANA, LUIS A	L
2007	90095	SCHEURER, JASON M	L
2007	90103	RILEY, TRACY L	L
2007	90119	FIFIS, CHRISTOPHER D	L
2007	90137	LETELLIER, JAMES K	L
2007	90151	GARCIA, NICOLE H	L
2007	90158	KOLE, WILLIAM	L
2007	90174	FOX, WAYNE G	L
2007	90175	KHAN, WASIM A	L
2007	90180	MCCULLOUGH, JAMES (SONNY)	L
2007	90190	MAURER, PETER G	L
2007	90206	MEAD, WILLIAM F	L
2007	90242	MARABLE JR, EDWARD B	L
2007	90253	GAGLIONE, LINDA	L
2007	90268	MARSH, CAROL J	L
2007	90282	GENOVESE, GINA	L
2007	90284	MARTIN, BOB	L
2007	90294	CIMINO, MARK	L
2007	90304	BUSHMAN, ADAM	L
2007	90306	WENZEL, BRITTA FORSBERG	L
2007	90317	FEDUN, MICHAEL	L
2007	90363	RABBAT, VICTOR K	L
2007	90367	GRIFFIN, NANCY	L
2007	90370	GOODWIN, THOMAS	L
2007	90374	GATES, MARSHALL L	L
2007	90388	GUARINO, MICHAEL A	L
2007	90436	SEYLER, DANIEL Z	L
2007	90461	SINGH, SEEMA	L
2007	90475	WEFER, DANA	L
2007	90481	WALSH, PAT	L
2007	90483	WALKER, BESSIE	L
2007	90493	ZELLMAN, SUSAN	L
2007	90494	ZUNIC, JOHN	L
2007	90496	ZIMMER, TONI	L
2007	90502	WILKINS, JOE	L
2007	90512	DRISCOLL JR, JOHN J	L
2007	90528	VILLAPIANO, JOHN A	L
2007	90535	CORBY, RUSSELL K	L
2007	90540	VEGA, SILVERIO A	L
2007	90559	MESSINEO, LEONARD J	L
2007	90570	NIBOT, CLARA S	L
2007	90590	MODRAK, DAVID	L
2007	90608	NELSEN JR, DONALD H	L
2007	90620	SCIANCALEPORE, LISA	L
2007	90632	TRUITT, OADLINE D	L
2007	90649	SANTINI JR, DOMINICK C	L
2007	90665	PROPP, BRIAN	L
2007	90701	CHIARAVALLOTI, NICHOLAS A	L
2007	90710	CINQUE, MARC	W
2007	90715	CLARK JR, R NORRIS	L
2007	90724	ENGLAND, WILLIAM	L
2007	90750	CZARNECKI, RENEE	L
2007	90764	CONNORS, SEAN	L
2007	90771	COLON, SEAN	L
2007	90772	COLLETTI, ROBERT	L
2007	90779	CASHA, LAWRENCE	L
2007	90787	COSTELLO, JOHN	L
2007	90799	WOOD, ERIC A	L
2007	90805	BARON, HARVEY	L
2007	90823	ARIYAN, JOSEPH	L
2007	90849	BRYANT, SYLVESTER BOBBY	L
2007	90869	BEASLEY, D BILAL	L
2007	90880	BERG, HANS	L
2007	90898	DENNISON JR, RICHARD S	L
2007	90904	FLETCHER, ESTHER	L
2007	9153	EVANS, ELEASE	W
2007	9233	JASEY, MILA M	W
2009	12126	BROWN, ROBERT (BOB)	L
2009	12293	CABANA, DOUGLAS R	L
2009	12799	COLEMAN, BONNIE WATSON	W
2009	132288	DAGGETT, CHRIS & ESPOSITO, FRANK J	L
2009	132290	NORCROSS, DONALD W	W
2009	132291	COUGHLIN, CRAIG J	W
2009	132296	ADLER, BARRY	L
2009	132297	POESL, JAMES C	L
2009	132298	DYER, OMAR	L
2009	132299	MCCANN, JOHN A	L
2009	132301	GREENBERG, BRIAN	L
2009	13384	DIMAIO, JOHN	W
2009	13436	DONOHUE, MICHAEL J	L
2009	1418818	BUCCO, ANTHONY M	W
2009	16415	LONEGAN, STEVEN M	L
2009	16644	MAREK, WAYNE B	L
2009	17104	MEYEROWITZ, MARK	L
2009	17531	NATHOO, SALIM A	L
2009	18	KYRILLOS JR, JOE	
2009	18157	PIO COSTA, CARMEN	L
2009	19238	SIEMASZKIEWICZ, WOJCIECH	L
2009	19352	SMITH, EDWARD J	L
2009	2078	GREENWALD, LOUIS D	W
2009	2086	ALLEN, DIANE	
2009	2087	GUSCIORA, REED	W
2009	2089	WISNIEWSKI, JOHN S	W
2009	2091	STANLEY, CRAIG A	L
2009	2121	OTOOLE, KEVIN J	
2009	2123	CARROLL, MICHAEL PATRICK	W
2009	3111	POU, NELLIE	W
2009	3740	GREENSTEIN, LINDA R	W
2009	3741	BURZICHELLI, JOHN J	W
2009	3766	NEW JERSEY DEMOCRATIC ASSEMBLY CAMPAIGN CMTE	
2009	3767	ASSEMBLY REPUBLICAN VICTORY OF NEW JERSEY	
2009	3768	NEW JERSEY DEMOCRATIC PARTY	
2009	3769	NEW JERSEY REPUBLICAN PARTY	
2009	3770	SENATE DEMOCRATIC MAJORITY OF NEW JERSEY	
2009	3771	SENATE REPUBLICAN MAJORITY OF NEW JERSEY	
2009	3875	ADAMS & ARTER BRACKET	
2009	3876	ADDIEGO & RUDDEN BRACKET	
2009	3877	ADOLF BROWN & MATTSON BRACKET	
2009	3878	AGOSTINELLI & BOMBACE BRACKET	
2009	3879	ALBANO & MILAM BRACKET	
2009	3880	AMODEO & POLISTINA BRACKET	
2009	3884	BROWN & SARCONE BRACKET	
2009	3885	BUCCO & CARROLL BRACKET	
2009	3886	CALABRO & HARVEY BRACKET	
2009	3887	CARUSO & ROTTINO BRACKET	
2009	3888	CONNERS & CONAWAY BRACKET	
2009	3889	CRYAN & COHEN BRACKET	
2009	3890	CRYAN & QUIJANO BRACKET	
2009	3891	DONOHUE & CONRAD BRACKET	
2009	3892	EYTAN & TIVENAN BRACKET	
2009	3893	FISHER & LONZISERO BRACKET	
2009	3894	GREENSTEIN & DEANGELO BRACKET	
2009	3895	GUSCIORA & WATSON COLEMAN BRACKET	
2009	3897	LAWRENCE & DICICCO BRACKET	
2009	3899	MARKS & VASTINE BRACKET	
2009	3900	MCCARTHY & SHAHDANIAN BRACKET	
2009	3901	MORIARTY & LOVE BRACKET	
2009	3902	OSCANLON & CASAGRANDE BRACKET	
2009	3903	PIO COSTA & DIORIO BRACKET	
2009	3904	ROTH & AMBERG BRACKET	
2009	3905	RUMPF & VANPELT BRACKET	
2009	3906	RUSSO & RUMANA BRACKET	
2009	3907	SINAGRA & JONES BRACKET	
2009	3908	SPEDDING & KOCUBINSKI BRACKET	
2009	3909	TAYLOR & GRAF BRACKET	
2009	3910	VISOTCKY & RUE BRACKET	
2009	3957	CMTE TO DEFEAT QUESTION 1	
2009	3968	VAN DREW, JEFF	
2009	3969	CONAWAY, HERB	W
2009	3970	VITALE, JOSEPH F	
2009	3971	HUTTLE, VALERIE VAINIERI	W
2009	3972	THOMPSON, SAMUEL D	W
2009	3974	BIONDI, PETER J	W
2009	3976	MERKT, RICK	L
2009	3977	ADOLF DECRISTOFARO & GREENBERG BRACKET	
2009	3978	BISHOP & BOLGER BRACKET	
2009	3979	BURZICHELLI & RILEY BRACKET	
2009	3980	DONOHUE & MCCANN BRACKET	
2009	3981	KLUCHNICK & VELEZ-GENTRY BRACKET	
2009	3982	CONNERS, JACK	W
2009	3982	MORIARTY & COLLINS BRACKET	
2009	3983	RUMPF & GOVE BRACKET	
2009	3984	SCALERA & SCHAER BRACKET	
2009	3985	VOSS & WAGNER BRACKET	
2009	3986	BLOSCHAK & GLENN BRACKET	
2009	3988	SHKOLAR & TIDD BRACKET	
2009	3991	SANABRIA-TEJADA & LINHARES BRACKET	
2009	3992	VANDERVALK & SCHROEDER BRACKET	
2009	3997	CONNORS RUMPF & VAN PELT BRACKET	
2009	4164	KEEP IT GREEN	
2009	614	CARDINALE, S GERALD	
2009	618	ADLER, JOHN H	
2009	619	CODEY, RICHARD J	
2009	621	RICE, RONALD L	
2009	624	VANDERVALK, CHARLOTTE	W
2009	625	DECROCE, ALEX	W
2009	627	BATEMAN, CHRISTOPHER (KIP)	
2009	630	SMITH, BOB	
2009	631	ROBERTS, JOE	W
2009	6381	SCUTARI, NICHOLAS P	
2009	6382	KEAN, SEAN T	
2009	6384	PRIETO, VINCENT	W
2009	6386	DANCER, RONALD S	W
2009	6390	MCHOSE, ALISON LITTELL	W
2009	6391	BARONI, BILL	
2009	6393	SCALERA, FREDERICK	W
2009	6394	KEAN JR, THOMAS H	
2009	6395	CORZINE, JON S & WEINBERG, LORETTA	L
2009	6396	GORDON, ROBERT M	
2009	6397	WEBBER, JAY	W
2009	6398	CHIAPPONE, ANTHONY	W
2009	6399	MADDEN, FRED	
2009	6400	VOSS, JOAN M	W
2009	6401	STACK, BRIAN P	
2009	6402	BRAMNICK, JON	W
2009	748	BUCCO, ANTHONY R	
2009	749	BUONO, BARBARA	
2009	751	GILL, NIA H	
2009	752	GREEN, GERALD (JERRY)	W
2009	754	HOLZAPFEL, JIM	W
2009	755	MALONE III, JOSEPH R	W
2009	756	LANCE, LEONARD	
2009	757	QUIGLEY, JOAN	W
2009	759	RUSSO, DAVID C	W
2009	760	TURNER, SHIRLEY K	
2009	761	WOLFE, DAVID W	W
2009	762	GIRGENTI, JOHN A	
2009	7625	EGAN, JOSEPH V	W
2009	7627	PENNACCHIO, JOE	
2009	7628	STENDER, LINDA	W
2009	7629	OLIVER, SHEILA Y	W
2009	7631	MCKEON, JOHN F	W
2009	7633	CHIVUKULA, UPENDRA J	W
2009	7634	DIEGNAN JR, PATRICK J	W
2009	7635	JOHNSON, GORDON M	W
2009	7636	SWEENEY, STEPHEN M	
2009	7637	CRYAN, JOSEPH	W
2009	7639	SARLO, PAUL A	
2009	765	LESNIAK, RAYMOND J	
2009	767	SACCO, NICHOLAS J	
2009	768	SINGER, ROBERT W	
2009	8003	WHELAN, JAMES	
2009	8004	MORIARTY, PAUL	W
2009	8005	LAMPITT, PAMELA R	W
2009	8006	BECK, JENNIFER	
2009	8007	GIBLIN, THOMAS P	W
2009	8018	OSCANLON JR, DECLAN J	W
2009	8019	HANDLIN, AMY H	W
2009	8090	SCHAER, GARY S	W
2009	8095	BARNES, PETER J	W
2009	8980	POLISTINA, VINCENT J	W
2009	8981	AMODEO, JOHN F	W
2009	8982	REDD, DANA	
2009	8983	HAINES, PHIL	
2009	8985	OROHO, STEVEN V	
2009	8986	RUIZ, M TERESA	
2009	8987	CUNNINGHAM, SANDRA BOLDEN	
2009	8988	ADDIEGO, DAWN MARIE	W
2009	8989	RUDDER, SCOTT	W
2009	8990	VAN PELT, DANIEL M	W
2009	8991	RIBLE, DAVID P	W
2009	8992	ANGELINI, MARY PAT	W
2009	8993	CASAGRANDE, CAROLINE	W
2009	8994	DEANGELO, WAYNE P	W
2009	8995	COYLE, DENISE M	W
2009	8996	CHIUSANO, GARY R	W
2009	8997	TUCKER, CLEOPATRA G	W
2009	8998	CAPUTO, RALPH R	W
2009	8999	SPENCER, L GRACE	W
2009	9000	COUTINHO, ALBERTO	W
2009	9001	RAMOS JR, RUBEN J	W
2009	9002	RODRIGUEZ, CARIDAD	W
2009	9003	RUMANA, SCOTT T	W
2009	90070	GLENN, HERBERT	L
2009	90097	SCHROEDER, ROBERT	W
2009	90159	KOTHARI, PETER	L
2009	90212	MERINGOLO, BRUCE	L
2009	90237	MARTINEZ, JIMMY	L
2009	90263	FUNT, BARRY	L
2009	90320	BELLIN, BARRY	L
2009	90322	FERRETTI, VINCENT	L
2009	90323	HERBERT, DOUGLAS	L
2009	90364	LUCAS, LEE	L
2009	90366	GRENAFEGE, JAMES	L
2009	90377	GRAF, WERNER	L
2009	90395	ARTER, LEAH J	L
2009	90469	SMILEY, RICK	L
2009	90529	VILLARE, ROBERT	L
2009	90547	COLLINS, WILLIAM	L
2009	90549	BOSS, JEFF	L
2009	90562	FUENTES, ANGEL	W
2009	90563	CONRAD, FRANK E	W
2009	90575	PETERSON, ERIK	W
2009	90578	PIATKOWSKI, RICHARD W	L
2009	90589	MUNOZ, NANCY F	W
2009	90606	OLEARY, JOHN T	W
2009	90627	ROTTINO, ANTHONY W	L
2009	90651	SAVICKY, ANDREW	L
2009	90671	QUIJANO, ANNETTE	W
2009	90686	RILEY, CELESTE M	W
2009	90693	MAINOR, CHARLES	W
2009	90695	CHRISTIE, CHRIS & GUADAGNO, KIM	W
2009	90697	VELEZ-GENTRY, STEPFANIE	L
2009	90734	FLOYD, REGINALD	L
2009	90738	CARUSO, JOSEPH A	L
2009	90755	KARPINECZ, ROBERTA	L
2009	90768	CONROY, REBEKAH	L
2009	90778	COURTNEY, WILLIAM J	L
2009	90786	BACON, ROGER	L
2009	90802	BOLGER, RICHARD J	L
2009	90817	SMITH, TAMMEISHA	L
2009	90822	ADAMS, HARRY	L
2009	90830	ALGEIER, GARY	W
2009	90862	BELL, SHELLY L	L
2009	90873	BISHOP, J RANDY	L
2009	90913	TAYLOR, KIM	L
2009	9153	EVANS, ELEASE	W
2009	9233	JASEY, MILA M	W
2009	9234	WAGNER, CONCETTA	W
2011	10778	ADDIEGO RUDDER & DELANY BRACKET	
2011	10779	ALBANO & MILAM BRACKET	
2011	10780	AMODEO & POLISTINA BRACKET	
2011	10781	BATEMAN BIONDI & CIATTARELLI BRACKET	
2011	10782	BILLHIMER KEARNEY & RYAN BRACKET	
2011	10783	BUCCO & BUCCO BRACKET	
2011	10784	BUONO DIEGNAN & BARNES BRACKET	
2011	10785	CARDINALE SCHROEDER & SCHEPISI BRACKET	
2011	10786	VAN PELT FIRST & CLASS BRACKET	
2011	10787	CODEY MCKEON & JASEY BRACKET	
2011	10788	CONNERS & CONAWAY BRACKET	
2011	10789	CONNORS GOVE & RUMPF BRACKET	
2011	10790	COOK CONAWAY & SINGLETON BRACKET	
2011	10793	LAVAN CULLEN & SHORT BRACKET	
2011	10794	DEWEESE FIOCCHI & WALTERS BRACKET	
2011	10796	SINAGRA SILVA & DITTMAN BRACKET	
2011	10797	DOHERTY DIMAIO & PETERSON BRACKET	
2011	10798	DUNN CEDENO & MONTEIRO BRACKET	
2011	10799	ALONSO & GOLDBERG BRACKET	
2011	10800	GORDON WAGNER & EUSTACE BRACKET	
2011	10802	GREENSTEIN DEANGELO & BENSON BRACKET	
2011	10803	GRETO HALLEY & BOYCE BRACKET	
2011	10804	GUSCIORA & WATSON COLEMAN BRACKET	
2011	10805	HOLTZMAN & HAGNER BRACKET	
2011	10806	HOLZAPFEL WOLFE & MCGUCKIN BRACKET	
2011	10807	MITSCH & RICHARDSON BRACKET	
2011	10808	ASLANIAN & JENSEN BRACKET	
2011	10809	KANKA FRIED & WITTMAN BRACKET	
2011	10810	KANKA WITTMAN & MCGOWAN BRACKET	
2011	10811	KEENAN & HALGAS BRACKET	
2011	10812	LESNIAK CRYAN & QUIJANO BRACKET	
2011	10814	MADDEN MORIARTY & MOSQUERA BRACKET	
2011	10815	MORLINO OROURKE & KLEINHENDLER BRACKET	
2011	10816	HORGAN SANTIAGO & GOPAL BRACKET	
2011	10817	SARLO SCHAER & CARIDE BRACKET	
2011	10818	SELBY HUHN & NYE BRACKET	
2011	10819	STAFFORD & HEISS-COLUCCI BRACKET	
2011	10820	SWEENEY BURZICHELLI & RILEY BRACKET	
2011	10821	TIVENAN WARY & EYTAN BRACKET	
2011	10822	TURNER GUSCIORA & WATSON COLEMAN BRACKET	
2011	10823	VAN DREW ALBANO & MILAM BRACKET	
2011	10824	VAN PELT & FIRST BRACKET	
2011	10825	WHELAN COOPER & TYNER BRACKET	
2011	10826	WIMBERLY & SUMPTER BRACKET	
2011	11046	ASSEMBLY REPUBLICAN VICTORY OF NEW JERSEY	
2011	11047	NEW JERSEY DEMOCRATIC ASSEMBLY CAMPAIGN CMTE	
2011	11048	NEW JERSEY DEMOCRATIC PARTY	
2011	11049	NEW JERSEY REPUBLICAN PARTY	
2011	11050	SENATE DEMOCRATIC MAJORITY OF NEW JERSEY	
2011	11051	SENATE REPUBLICAN MAJORITY OF NEW JERSEY	
2011	12799	COLEMAN, BONNIE WATSON	W
2011	132290	NORCROSS, DONALD W	W
2011	132291	COUGHLIN, CRAIG J	W
2011	13384	DIMAIO, JOHN	W
2011	13391	DIORIO, DONALD E	L
2011	1418818	BUCCO, ANTHONY M	W
2011	1419590	BARNES III, PETER J	W
2011	18	KYRILLOS JR, JOE	W
2011	19085	SELBY, EDWIN	L
2011	2078	GREENWALD, LOUIS D	W
2011	2086	ALLEN, DIANE	W
2011	2087	GUSCIORA, REED	W
2011	2089	WISNIEWSKI, JOHN S	W
2011	2121	OTOOLE, KEVIN J	W
2011	2123	CARROLL, MICHAEL PATRICK	W
2011	3111	POU, NELLIE	W
2011	352166	WILSON, GILBERT L (WHIP)	W
2011	352167	BEACH, JAMES	W
2011	352168	DELANY, PATRICK	W
2011	352169	ODONNELL, JASON	W
2011	352195	MOSQUERA, GABRIELA	W
2011	352197	SINGLETON, TROY	W
2011	352204	GOPAL, VIN	L
2011	352205	SCHLOSSBACH, MARILYN	W
2011	352206	ROME, CATHERINE TINNEY	L
2011	352210	CAMAROTA, JOE	L
2011	352211	CORFIELD, MARIE	L
2011	352213	CARROLL, KAREN	L
2011	352218	ISIBOR, ELLIOT	L
2011	352220	KLEINHENDLER, HOWARD	L
2011	352222	JIMENEZ, ANGELICA M	W
2011	352223	TORRES, FRANCISCO E	L
2011	352224	BHALLA, RAVI S	L
2011	352225	SUMTER, SHAVONDA E	W
2011	352226	TORRES, SAMUEL	L
2011	352227	WIMBERLY, BENJIE E	W
2011	352228	CARIDE, MARLENE	W
2011	352229	EUSTACE, TIMOTHY J	W
2011	352231	LAZZARA, CASSANDRA	L
2011	352232	COOK, GAIL	L
2011	352233	LEWIS, FREDERICK CARLTON (CARL)	W
2011	352235	SANTIAGO, RAYMOND	L
2011	352236	BROWN, ROBERT (BOB)	L
2011	352237	VELLA, MAUREEN	L
2011	352240	GRAF JR, JOHN	L
2011	352241	THOENI, RICK	L
2011	352243	BOYCE, PETER F	L
2011	352244	FIOCCHI, SAMUEL	L
2011	352246	WALTERS, SUZANNE M	L
2011	352247	BROWN, CHRIS	W
2011	352254	HALGAS, CHRISTOPHER	L
2011	352255	MCGUCKIN, GREGORY P	W
2011	352256	CLIFTON, ROBERT D	W
2011	352257	FRIED, DAVE	W
2011	352259	WITTMAN, WAYNE	L
2011	352264	SILVA, MARCIA	L
2011	352266	ROBINSON, SHANE	L
2011	352270	SIERCHIO, JOHN G	L
2011	352272	HAGNER, NICOLE	L
2011	352273	HOLTZMAN, LEE	L
2011	352278	BECKELMAN, DANIEL E	L
2011	352289	PUGLISI, DONNA	L
2011	352301	DANGELO, LOUIS	L
2011	352303	DEWEESE, DAVID S	L
2011	352305	MULLIGAN, MICHAEL M	L
2011	352306	DORAZIO, GIANCARLO	L
2011	352309	MITSCH, PHIL	L
2011	352310	KANKA, RICHARD J	L
2011	352313	DITTMAN, GLORIA S	L
2011	352314	LUND JR, PAUL	L
2011	352315	ROSALES, HELEN S	L
2011	352316	WRIGHT, SHANNON	L
2011	352317	CHEGWIDDEN, WILLIAM J	L
2011	352318	EAMES, WILLIAM H	L
2011	352319	SULLIVAN, WILLIAM	L
2011	352325	LEBOVICS, ROBERT S	L
2011	3738	DOHERTY, MICHAEL J	W
2011	3740	GREENSTEIN, LINDA R	W
2011	3741	BURZICHELLI, JOHN J	W
2011	3968	VAN DREW, JEFF	W
2011	3969	CONAWAY, HERB	W
2011	3970	VITALE, JOSEPH F	W
2011	3971	HUTTLE, VALERIE VAINIERI	W
2011	3972	THOMPSON, SAMUEL D	W
2011	3974	BIONDI, PETER J	W
2011	412873	MCGOWAN, SHEREE	L
2011	412875	JACOBSON, DANIEL	L
2011	412876	HORGAN, KATHLEEN	L
2011	412880	BROWN, CHRISTOPHER J	W
2011	412882	CIATTARELLI, JACK M	W
2011	412889	SCHEPISI, HOLLY	W
2011	412891	HEICKLEN, JULIAN	L
2011	412893	CELESTE, TONY	L
2011	614	CARDINALE, S GERALD	W
2011	619	CODEY, RICHARD J	W
2011	621	RICE, RONALD L	W
2011	624	VANDERVALK, CHARLOTTE	W
2011	625	DECROCE, ALEX	W
2011	627	BATEMAN, CHRISTOPHER	W
2011	630	SMITH, BOB	W
2011	632	WEINBERG, LORETTA	W
2011	6381	SCUTARI, NICHOLAS P	W
2011	6382	KEAN, SEAN T	W
2011	6384	PRIETO, VINCENT	W
2011	6386	DANCER, RONALD S	W
2011	6390	MCHOSE, ALISON LITTELL	W
2011	6394	KEAN JR, THOMAS H	W
2011	6396	GORDON, ROBERT M	W
2011	6397	WEBBER, JAY	W
2011	6399	MADDEN, FRED	W
2011	6401	STACK, BRIAN P	W
2011	6402	BRAMNICK, JON	W
2011	748	BUCCO, ANTHONY R	W
2011	749	BUONO, BARBARA	W
2011	751	GILL, NIA H	W
2011	752	GREEN, GERALD	W
2011	754	HOLZAPFEL, JIM	W
2011	755	MALONE III, JOSEPH R	W
2011	759	RUSSO, DAVID C	W
2011	760	TURNER, SHIRLEY K	W
2011	761	WOLFE, DAVID W	W
2011	7625	EGAN, JOSEPH V	W
2011	7627	PENNACCHIO, JOE	W
2011	7628	STENDER, LINDA	W
2011	7629	OLIVER, SHEILA Y	W
2011	7631	MCKEON, JOHN F	W
2011	7633	CHIVUKULA, UPENDRA J	W
2011	7634	DIEGNAN JR, PATRICK J	W
2011	7635	JOHNSON, GORDON M	W
2011	7636	SWEENEY, STEPHEN M	W
2011	7637	CRYAN, JOSEPH	W
2011	7639	SARLO, PAUL A	W
2011	765	LESNIAK, RAYMOND J	W
2011	767	SACCO, NICHOLAS J	W
2011	768	SINGER, ROBERT W	W
2011	8002	ALBANO, NELSON	W
2011	8003	WHELAN, JAMES	W
2011	8004	MORIARTY, PAUL	W
2011	8005	LAMPITT, PAMELA R	W
2011	8006	BECK, JENNIFER	W
2011	8007	GIBLIN, THOMAS P	W
2011	8018	OSCANLON JR, DECLAN J	W
2011	8019	HANDLIN, AMY H	W
2011	8090	SCHAER, GARY S	W
2011	8980	POLISTINA, VINCE	L
2011	8981	AMODEO, JOHN F	W
2011	8985	OROHO, STEVEN V	W
2011	8986	RUIZ, M TERESA	W
2011	8987	CUNNINGHAM, SANDRA BOLDEN	W
2011	8988	ADDIEGO, DAWN MARIE	W
2011	8989	RUDDER, SCOTT	W
2011	8991	RIBLE, DAVID P	W
2011	8992	ANGELINI, MARY PAT	W
2011	8993	CASAGRANDE, CAROLINE	W
2011	8994	DEANGELO, WAYNE P	W
2011	8996	CHIUSANO, GARY R	W
2011	8997	TUCKER, CLEOPATRA G	W
2011	8998	CAPUTO, RALPH R	W
2011	8999	SPENCER, L GRACE	W
2011	9000	COUTINHO, ALBERTO	W
2011	9001	RAMOS JR, RUBEN J	W
2011	9003	RUMANA, SCOTT T	W
2011	90097	SCHROEDER, ROBERT	W
2011	90100	STEINBERG, ELLEN	L
2011	90436	SEYLER, DANIEL	L
2011	90457	SPEDDING, WILLIAM (BILL)	L
2011	90509	TYNER, DAMON	L
2011	90512	DRISCOLL JR, JOHN J	L
2011	90529	VILLARE, BOB	L
2011	90562	FUENTES, ANGEL	W
2011	90575	PETERSON, ERIK	W
2011	90589	MUNOZ, NANCY F	W
2011	90671	QUIJANO, ANNETTE	W
2011	90686	RILEY, CELESTE M	W
2011	90693	MAINOR, CHARLES	W
2011	90695	CHRISTIE, CHRIS & GUADAGNO, KIM	
2011	90767	LOVETT, SHELLEY	L
2011	90784	COOPER, ALISA	L
2011	90863	BENSON, DANIEL R	W
2011	90917	DICICCO, DOMENICK	L
2011	90927	DEL VECCHIO, KENNETH	L
2011	9233	JASEY, MILA M	W
2011	9234	WAGNER, CONNIE TERRANOVA	W
2012	11040	ASSEMBLY REPUBLICAN VICTORY OF NEW JERSEY	
2012	11041	NEW JERSEY DEMOCRATIC ASSEMBLY CAMPAIGN CMTE	
2012	11042	NEW JERSEY DEMOCRATIC PARTY	
2012	11043	NEW JERSEY REPUBLICAN PARTY	
2012	11044	SENATE DEMOCRATIC MAJORITY OF NEW JERSEY	
2012	11045	SENATE REPUBLICAN MAJORITY OF NEW JERSEY	
2012	1417177	SIMON, DONNA M	W
2012	1417178	NEMETH, SUE	L
2012	1417179	DECROCE, BETTY LOU	W
2012	352195	MOSQUERA, GABRIELA M	W
2012	352211	CORFIELD, MARIE	L
2012	90345	PIO COSTA III, ANTHONY	L
